modfiscais,area,inscricao,Name,area_ha,other_name,population,land_tenur,cd_setor,nm_rgi,etnia_nome,TI,cod_imovel,mod_fiscal,num_area,codigo_imo,nome_area,fase_ti,modalidade,undadm_nom,undadm_sig,N_familias,fonte,atingida,reestudo_t,cr,Cod_ibge,Label_N,rotulo,abrv,NOM_BIOMA,nm_uveg,nm_uantr,nm_contat,veg_pretet,nm_pretet,nm_sec1,nm_sec2,leg_sup,legenda_1,legenda_2,legenda,nome_port,SPRAREA,SPRPERIMET,SPRCLASSE,teste_AREA,area_hec,dist_buf,tipo_area,Shape_Leng,_mean,cob23_ha,cob23_pc,uso23_ha,uso23_pc,agrosil_ha,agrosil_pc,aggp_ha,aggp_pc,agfam_ha,agfam_pc,silv_ha,silv_pc,urb_ha,urb_pc,reg8523_ha,reg8523_pc,deg8523_ha,deg8523_pc,sum_area,max_area,std_area,sum_length,mean_frac,np,ed,lpi,tc_edge,desl_area,desl_count,desl_pc,ada_area,ada_pc,pz,Shape_Le_1,parea_med,p_deg,p_reg,p_agro,p_urb,p_ivps,p_cob,p_deslct,p_deslpc,p_adapc,p_parea,imp_amb,imp_amb_n,Shape_Le_2,Shape_Area,cob_pc,p_lpi,p_ed,p_frac,cap_adap,ca_norm,source,total_area_px,forest_1985_px,forest_2023_px,human_1985_px,human_2023_px,regenerated_px,degenerated_px,regeneration_%,degeneration_%,net_forest_change,net_change_%,forest_cover_1985_%,forest_cover_2023_%
0.0,0.0,,Polígono sem título,296.810510193,,,,,,,,,0.0,0.0,,,,,,,,,,,,0.0,,,,,,,,,,,,,,,,,0.0,0.0,,0.0,297.30075537,3000.0,TI,8412.58410605,1.84136467414,308.16,103.652612526,34.56,11.624592059,34.56,11.624592059,0.0,0.0,3.33,1.12007788068,31.23,10.5045141783,0.0,0.0,23.4,7.87081753993,25.02,8.41572029269,3122.73548516,1561.32556988,48.7184374922,388.256816836,0.00164002728,0,1.30593956665,0.05251670414,388.256816836,0.0,0,0.0,0.0,0.0,0.10503624532,8412.58410605,1.36960315737,0.00210393007,0.00138287053,0.01743688809,0.0,0.0106456445,0.33140777978,0.0,0.0,0.0,1.2e-10,0.10339581223,0.11908223884,8412.58410605,2973007.5323,88.375407941,0.00017614864,0.00254354646,0.00039033555,0.00311003066,0.0049645726,,8181,3535,3603,576,508,379,311,65.79861111111111,8.797736916548798,68,1.9236209335219234,43.20987654320987,44.04107077374404
0.0,0.0,,,329.197196436,,,,431490205001288P,Porto Alegre,Guarani,Arakuã - Ka'aguy Mirim,,0.0,0.0,,,,,,,,,,,,0.0,,,,,,,,,,,,,,,,,0.0,0.0,,0.0,329.529836999,3072.51272691,TI,8655.5699304,1.68317608516,372.6,113.070186115,6.12,1.85719146276,6.12,1.85719146276,2.97,0.90128409222,2.34,0.71010261811,0.0,0.0,0.0,0.0,24.75,7.51070076852,2.97,0.90128409222,0.0,0.0,0.0,0.0,0.0,0,0.0,0.0,0.0,0.0,0,0.0,0.0,0.0,0.0,8655.5699304,0.0,0.00022532102,0.00131959948,0.00278578719,0.0,0.00636090552,0.36803553201,0.0,0.0,0.0,0.0,0.04601688224,0.03128542194,8655.5699304,3295298.34743,98.1428085372,0.0,0.0,0.0,0.0,0.0,IBGE Setores Censo 2022,9116,4408,4410,128,126,75,73,58.59375,1.6560798548094373,2,0.045372050816696916,48.354541465555066,48.376480912681004
0.0,0.0,,,14.5877150165,,,,431490205002552P,Porto Alegre,Kaingang,Gãh Ré,,0.0,0.0,,,,,,,,,,,,0.0,,,,,,,,,,,,,,,,,0.0,0.0,,0.0,14.6014668874,3000.0,TI,1943.87153232,1.87189261455,9.81,67.185030625,6.12,41.9135970872,2.79,19.1076692603,0.0,0.0,0.0,0.0,0.0,0.0,3.33,22.8059278268,1.8,12.327528555,0.0,0.0,0.0,0.0,0.0,0.0,0.0,0,0.0,0.0,0.0,0.0,0,0.0,0.0,0.0,0.0,1943.87153232,0.0,0.0,0.00216589647,0.02866150389,0.04857662627,0.01147253256,0.21782401092,0.0,0.0,0.0,0.0,0.27472075533,0.381230464,1943.87153232,146014.668874,58.0864029129,0.0,0.0,0.0,0.0,0.0,IBGE Setores Censo 2022,232,133,156,99,76,24,1,24.242424242424242,0.7518796992481203,23,17.293233082706767,57.327586206896555,67.24137931034483
0.0,0.0,,,113.033699309,,,,,,,,,0.0,0.0,,,,,,,,DNIT,,,,0.0,,,,,,,,,,,,,,,,,0.0,0.0,,0.0,113.126749785,3000.0,TI,7056.62567081,2.4003609015,124.11,109.708800293,6.84,6.04631531711,6.84,6.04631531711,1.17,1.03423814635,5.31,4.69385004881,0.0,0.0,0.0,0.0,67.95,60.0653692687,1.35,1.19335170732,0.0,0.0,0.0,0.0,0.0,0,0.0,0.0,0.0,0.0,0,0.0,1130336.9989,99.9177464299,0.0,7056.62567081,0.0,0.00029833793,0.01055324033,0.00906947298,0.0,0.02578676775,0.35232631756,0.0,0.0,0.058,0.0,0.13627502076,0.16939146997,7056.62567081,1131267.50681,93.9536846829,0.0,0.0,0.0,0.0,0.0,DNIT,6032,784,852,865,797,215,147,24.85549132947977,18.75,68,8.673469387755102,12.9973474801061,14.124668435013263
0.0,0.0,2018-05-30,,55.5851528934,,,,,,,,,0.0,0.0,,,,,,,,,,,,0.0,,,,,,,,,,,,,,,,,0.0,0.0,,0.0,55.6802457193,3000.0,TI,3795.97103971,1.97383449578,53.46,96.0125073253,10.89,19.558103344,10.89,19.558103344,0.0,0.0,0.0,0.0,10.89,19.558103344,0.0,0.0,0.0,0.0,10.89,19.558103344,1561.73454737,1561.73454737,128.253561429,164.228471445,0.00469436126,0,2.94949257719,0.28048269673,164.228471445,0.0,0,0.0,0.0,0.0,0.28048269673,3795.97103971,5.2841310738,0.00488952584,0.0,0.02933715502,0.0,0.01423375797,0.30165711246,0.0,0.0,0.0,4.6e-10,0.1528033259,0.19468180878,3795.97103971,556802.457193,80.441896656,0.00094077964,0.00574465435,0.00111728391,0.0078027179,0.01245555552,,1802,821,678,0,143,0,143,0.0,17.417783191230207,-143,-17.417783191230207,45.56048834628191,37.624861265260826
0.0,0.0,,,12.9373132262,,,,431490205002748P,Porto Alegre,Charrua,Polidoro,,0.0,0.0,,,,,,,,,,,,0.0,,,,,,,,,,,,,,,,,0.0,0.0,,0.0,12.9500528832,3000.0,TI,1449.85952438,1.66038010901,15.39,118.841213536,0.0,0.0,0.0,0.0,0.0,0.0,0.0,0.0,0.0,0.0,0.0,0.0,0.0,0.0,0.0,0.0,0.0,0.0,0.0,0.0,0.0,0,0.0,0.0,0.0,0.0,0,0.0,0.0,0.0,0.0,1449.85952439,0.0,0.0,0.0,0.0,0.0,0.00574344754,0.375,0.0,0.0,0.0,0.0,0.03674344754,0.01709592679,1449.85952439,129500.541612,100.0,0.0,0.0,0.0,0.0,0.0,IBGE Setores Censo 2022,342,205,203,0,2,0,2,0.0,0.975609756097561,-2,-0.975609756097561,59.94152046783626,59.356725146198826
0.0,0.0,,,101.207867471,,,,,,,,RS-4315602-15F565ACC474423F998DE3A64CC8EFA9,4.0466,101.1644,,,,,,,,,,,,0.0,,,,,,,,,,,,,,,,,0.0,0.0,,0.0,101.240205975,3000.0,TI,4706.94453438,2.19812726111,110.16,108.810525363,9.09,8.97864629221,8.28,8.17856889983,0.0,0.0,4.32,4.267079426,1.8,1.77794976083,0.81,0.80007739237,3.24,3.2003095695,7.02,6.93400406725,0.0,0.0,0.0,0.0,0.0,0,0.0,0.0,0.0,0.0,0,0.0,0.0,0.0,0.0,4706.94453438,0.0,0.00173350102,0.00056228133,0.01226785335,0.00170416485,0.02030901258,0.3413300764,0.0,0.0,0.0,0.0,0.10012217405,0.11407316997,4706.94453438,1012402.09375,91.0213537078,0.0,0.0,0.0,0.0,0.0,CAR,2772,1384,1415,49,18,48,17,97.95918367346938,1.2283236994219653,31,2.239884393063584,49.92784992784993,51.04617604617605
0.0,0.0,,,4232.0165978,,,,,,Guaraní,,,0.0,0.0,,,Delimitada,Tradicionalmente ocupada,COORDENACAO REGIONAL LITORAL SUL,CR-LIS,,FUNAI,,,COORDENACAO REGIONAL LITORAL SUL,0.0,,,,,,,,,,,,,,,,,0.0,0.0,,0.0,4233.62253928,10000.0,TI,30436.0614187,1.79366932075,599.22,14.153836211,4198.05,99.1597611986,4197.87,99.1555095206,3751.65,88.6155996476,410.04,9.68532258593,30.96,0.7312886237,0.18,0.00425167804,142.38,3.36307733339,292.86,6.9174801788,5274794.82918,421928.343997,113802.085413,182975.702844,1.27527375357,0,43.2196545101,0.99661304601,182975.702844,0.0,0,0.0,0.0,0.0,12.459294135,30436.0614187,104128.363398,0.00172937004,0.00059087897,0.14873326428,9.05607e-06,0.00935375524,0.00315089551,0.0,0.0,0.0,9.12872e-06,0.56207454244,0.82091708479,30436.0614187,42336225.247,0.84023880135,0.00334278468,0.08417786101,0.30352219819,0.39104284387,0.62422554744,FUNAI,83664,9381,6988,46871,49264,1077,3470,2.297796078598707,36.989659950964715,-2393,-25.5090075684895,11.212707974756167,8.35245744884299
0.0,0.0,,,161.733068905,,,,,,,,RS-4315602-731B8E878DAC4BD5ABECA51617C6EC52,6.4666,161.6639,,,,,,,,,,,,0.0,,,,,,,,,,,,,,,,,0.0,0.0,,0.0,161.78425684,3000.0,TI,6514.4345336,2.24157653551,172.8,106.808909207,18.45,11.4040762435,17.37,10.7365205609,0.0,0.0,9.99,6.17489006355,1.8,1.11259280424,1.08,0.66755568255,6.93,4.28348229634,12.42,7.67689034928,0.0,0.0,0.0,0.0,0.0,0,0.0,0.0,0.0,0.0,0,0.0,0.0,0.0,0.0,6514.4345336,0.0,0.00191922259,0.00075259036,0.01610478084,0.0014218936,0.0214858914,0.33223471409,0.0,0.0,0.0,0.0,0.11394448398,0.13522300343,6514.4345336,1617842.56751,88.5959237566,0.0,0.0,0.0,0.0,0.0,CAR,4725,2143,2251,132,24,128,20,96.96969696969697,0.9332711152589827,108,5.039664022398506,45.354497354497354,47.64021164021164
0.0,0.0,,,181.779560483,,,,,,,,RS-4316451-9A111ABFD4D7435F81E25553BED4ABD1,10.1024,181.8425,,,,,,,,,,,,0.0,,,,,,,,,,,,,,,,,0.0,0.0,,0.0,181.792730328,3000.0,TI,9816.54359305,1.90371405231,78.3,43.0710292203,130.5,71.7850487005,129.24,71.0919516786,129.24,71.0919516786,0.0,0.0,0.0,0.0,1.26,0.69309702194,4.86,2.67337422747,7.56,4.15858213162,682562.91258,673809.845735,86897.3903102,10256.1003973,0.06350541419,0,56.4164504564,37.0647305566,10256.1003973,0.0,0,0.0,0.0,0.0,37.5462166408,9816.54359305,665232.604936,0.00103964553,0.00046970095,0.10663792752,0.00147629666,0.01233445665,0.10580606737,0.0,0.0,0.0,5.831958e-05,0.42115423846,0.60529169534,9816.54359305,1817927.27376,28.2149512995,0.1243204812,0.10988093678,0.01511463939,0.24931605738,0.3979856807,CAR,5525,1053,999,1565,1619,53,107,3.386581469648562,10.161443494776828,-54,-5.128205128205128,19.058823529411764,18.081447963800905
0.0,0.0,,,4420.27378523,,,,,,"Guaraní,Kaingang",,,0.0,0.0,,,Regularizada,Tradicionalmente ocupada,COORDENACAO REGIONAL DE PASSO FUNDO,CR-PFD,,FUNAI,,,COORDENACAO REGIONAL DE PASSO FUNDO,0.0,,,,,,,,,,,,,,,,,0.0,0.0,,0.0,4423.25036822,10000.0,TI,38730.7694974,1.66640540548,2780.19,62.8540048281,2234.88,50.5257404387,2225.43,50.3120966425,1799.91,40.6920217072,410.94,9.29045307841,14.58,0.32962185692,9.45,0.21364379615,570.33,12.8939117735,516.69,11.6812288925,24497495.0799,15419136.5778,5550919.23899,328247.797165,1.20092427741,0,74.2096354081,34.8592896473,328247.797165,0.0,0,0.0,0.0,0.0,55.3834692567,38730.7694974,11389429.0371,0.00292030722,0.00226540769,0.07546814496,0.00045506129,0.00590665035,0.18552847336,0.0,0.0,0.0,0.00099848783,0.30195779494,0.42290648306,38730.7694974,44232503.685,49.4742595613,0.11692311257,0.14453628669,0.28582661214,0.5472860114,0.87363805635,FUNAI,124092,41245,32803,17705,26147,3943,12385,22.270545043772945,30.02788216753546,-8442,-20.46793550733422,33.23743674048287,26.434419624149825
0.0,0.0,,,23404.3655204,,,,,,"Guaraní,Kaingang",,,0.0,0.0,,,Regularizada,Tradicionalmente ocupada,COORDENACAO REGIONAL DE PASSO FUNDO,CR-PFD,,FUNAI,,,COORDENACAO REGIONAL DE PASSO FUNDO,0.0,,,,,,,,,,,,,,,,,0.0,0.0,,0.0,23404.7135451,10000.0,TI,93927.4185262,1.69559260076,16448.4,70.2781513147,10020.78,42.8152217317,9981.18,42.6460250443,5899.95,25.2083837242,4081.23,17.4376413201,0.0,0.0,39.6,0.16919668734,908.64,3.88229489863,1968.12,8.40907536086,145426692.627,136539143.271,32683319.4743,1167307.84325,1.21441278496,0,49.8749040882,58.3383099351,1167307.84325,0.0,0,0.0,0.0,0.0,62.1356430403,93927.4185262,128208619.239,0.00210226884,0.00068210337,0.06396903757,0.00036038894,0.00669722263,0.21444291851,0.0,0.0,0.0,0.01123978611,0.25276410998,0.34763409734,93927.4185262,234047135.446,57.1847782684,0.19567515141,0.09714012737,0.28903695145,0.58185223023,0.9288164523,FUNAI,702448,204155,198912,105294,110537,12184,17427,11.57140957699394,8.536161250030613,-5243,-2.5681467512429283,29.06336127371706,28.316971505364098
0.0,0.0,,,39.652794347,,,,431470405000033P,Nonoai,Guarani,Passo Feio - Mbaraká Miri,,0.0,0.0,,,,,,,,,,,,0.0,,,,,,,,,,,,,,,,,0.0,0.0,,0.0,39.6577193916,3000.0,TI,3450.29663638,1.79062499851,20.61,51.9697055609,24.03,60.5934994968,24.03,60.5934994968,3.51,8.85073588156,20.52,51.7427636153,0.0,0.0,0.0,0.0,10.98,27.6869173731,4.05,10.2123875556,181642.033411,181050.813823,14536.2773876,623.983583003,0.0016426639,0,15.7342276,45.6533599513,623.983583003,0.0,0,0.0,0.0,0.0,45.802440533,3450.29663638,180463.443088,0.00255309689,0.00486447843,0.09089024925,0.0,0.0092712959,0.14777437689,0.0,0.0,0.0,1.582086e-05,0.35605996586,0.50568945574,3450.29663638,396577.193916,39.4065005032,0.15312798966,0.03064516917,0.00039096308,0.18416412192,0.29398300371,IBGE Setores Censo 2022,1032,217,336,381,262,169,50,44.35695538057743,23.04147465437788,119,54.83870967741935,21.027131782945737,32.55813953488372
0.0,0.0,,L040 - Bacia Hidrográfica da Lagoa Mirim e do Canal São Gonçalo,76.0360838769,,,,,,Kaingang,Giró,,0.0,0.0,8610220215719,ESTÂNCIA SERENA,,,,,,"Fuhr et al., 2022",naoinf,,,4315602.0,Rio Grande,Lagoa Mirim e do Canal São Gonçalo,,Pampa,,Pecuária (pastagens),,P,Formação Pioneira,Formação Pioneira com influência fluvial e/ou lacustre herbácea sem palmeiras,,Área Antrópica Dominante,Formação Pioneira,Pecuária (pastagens),3Ap - Pecuária (pastagens),,0.0,0.0,,0.0,76.055027861,3000.0,TI,3677.58027632,2.2573135013,90.45,118.92704867,0.0,0.0,0.0,0.0,0.0,0.0,0.0,0.0,0.0,0.0,0.0,0.0,2.52,3.3133904107,0.0,0.0,0.0,0.0,0.0,0.0,0.0,0,0.0,0.0,0.0,0.0,0,0.0,0.0,0.0,0.0,3677.58027632,0.0,0.0,0.00058214918,0.0,0.0,0.02191214711,0.375,0.0,0.0,0.0,0.0,0.05232999794,0.04094526507,3677.58027632,760550.27861,100.0,0.0,0.0,0.0,0.0,0.0,"Fuhr et al., 2022 (SIGEF)",1664,1057,1081,24,0,24,0,100.0,0.0,24,2.270577105014191,63.52163461538461,64.9639423076923
0.0,0.0,,,4611.75840802,,,,,,Kaingang,,,0.0,0.0,,,Regularizada,Tradicionalmente ocupada,COORDENACAO REGIONAL DE PASSO FUNDO,CR-PFD,,FUNAI,,,COORDENACAO REGIONAL DE PASSO FUNDO,0.0,,,,,,,,,,,,,,,,,0.0,0.0,,0.0,4614.08951372,10000.0,TI,45205.600095,1.85737801811,3168.36,68.6670683475,2065.68,44.7689624108,2065.68,44.7689624108,1448.55,31.3940593413,605.52,13.1232824634,4.5,0.0975273667,0.0,0.0,369.9,8.0167495429,331.47,7.18386583126,27895732.7549,25106620.4234,7508623.12404,343827.334595,1.0794214587,0,74.5168323182,54.4129461484,343827.334595,0.0,0,0.0,0.0,0.0,60.4577190624,45205.600095,22614692.6853,0.00179596646,0.00140851019,0.06715344362,0.0,0.01107938627,0.20711639096,0.0,0.0,0.0,0.00198258362,0.27552131157,0.38245541348,45205.600095,46140895.1372,55.2310375892,0.18250891203,0.14513460657,0.25690827009,0.58455178869,0.93312578409,FUNAI,122140,37813,37687,23799,23925,3889,4015,16.341022732047563,10.618041414328406,-126,-0.3332187342977283,30.958735876862615,30.855575569019155
0.0,22.7800189811,,,22.7982538944,,,,,,,,,0.0,0.0,,,,,,,,,,,,0.0,,,,,,,,,,,,,,,,,32574.9468,1373.0741,Áreas_Degradadas,0.0,22.8216788279,3000.0,TI,2158.81693266,2.15663270074,22.23,97.407382549,4.23,18.5350080154,4.23,18.5350080154,0.0,0.0,1.71,7.49287558069,1.8,7.88723745336,0.0,0.0,3.96,17.3519223974,3.06,13.4083036707,0.0,0.0,0.0,0.0,0.0,0,0.0,0.0,0.0,0.0,0,0.0,0.0,0.0,0.0,2158.81693266,0.0,0.00335207592,0.00304866197,0.02780251202,0.0,0.01918507967,0.30549371994,0.0,0.0,0.0,0.0,0.1477972857,0.18702195184,2158.81693266,228216.789028,81.4649919846,0.0,0.0,0.0,0.0,0.0,,672,275,312,77,40,71,34,92.20779220779221,12.363636363636363,37,13.454545454545455,40.922619047619044,46.42857142857143
0.0,0.0,,,11719.287084,,,,,,Kaingang,,,0.0,0.0,,,Declarada,Tradicionalmente ocupada,COORDENACAO REGIONAL DE PASSO FUNDO,CR-PFD,,FUNAI,,,COORDENACAO REGIONAL DE PASSO FUNDO,0.0,,,,,,,,,,,,,,,,,0.0,0.0,,0.0,11721.0773509,10000.0,TI,86131.3479349,1.88645993593,2693.61,22.9809079777,10580.76,90.2712240798,10565.01,90.1368507664,8014.23,68.3745167793,2539.08,21.6625138115,2.07,0.01766049262,15.75,0.13437331338,1360.44,11.6067828858,482.76,4.11873401691,23775668.4497,904811.208549,245124.24564,770638.920821,1.30766626647,0,65.7481302914,0.77195225444,770638.920821,0.0,0,0.0,0.0,0.0,20.284541888,86131.3479344,223613.987544,0.0010296835,0.0020392644,0.13520527615,0.00028621516,0.01186710698,0.0364829097,0.0,0.0,0.0,1.960378e-05,0.51584650391,0.75018250268,86131.3479344,117210773.509,9.72877592022,0.00258923981,0.12805602071,0.3112317952,0.44187705572,0.70537270104,FUNAI,308098,24249,35466,131652,120435,16898,5681,12.83535381156382,23.42777021732855,11217,46.2575776320673,7.870547682880123,11.51127238735727
0.0,0.0,,,19.4020557157,,,,431490205000471P,Porto Alegre,Guarani,Lomba do Pinheiro,,0.0,0.0,,,,,,,,,,,,0.0,,,,,,,,,,,,,,,,,0.0,0.0,,0.0,19.4197531526,3000.0,TI,2245.32274987,2.16942201122,9.18,47.2714556558,13.14,67.6630639779,0.45,2.31722821842,0.0,0.0,0.0,0.0,0.0,0.0,12.69,65.3458357595,0.18,0.92689128737,10.17,52.3693577363,776.915686847,776.915686847,107.203727501,111.768066121,0.01362417289,0,5.75538037187,0.4000646562,111.768066121,0.0,0,0.0,0.0,0.0,0.4000646562,2245.32274987,7.4681105931,0.01309233943,0.00016285102,0.00347584233,0.13918663017,0.0195314944,0.12126351008,0.0,0.0,0.0,6.5e-10,0.45985994458,0.66451618407,2245.32274987,194197.531526,32.3369360221,0.00134187487,0.01120961318,0.00324262841,0.01579411646,0.02521230385,IBGE Setores Censo 2022,575,269,148,33,154,0,121,0.0,44.98141263940521,-121,-44.98141263940521,46.78260869565217,25.73913043478261
0.0,0.0,,,10.6700007815,,,,431560205340002P,Pelotas,Guarani,Tekoa Yyrembe,,0.0,0.0,,,,,,,,,,,,0.0,,,,,,,,,,,,,,,,,0.0,0.0,,0.0,10.6739384816,3000.0,TI,1385.83739275,2.65833330154,0.0,0.0,12.6,118.044525193,0.0,0.0,0.0,0.0,0.0,0.0,0.0,0.0,12.6,100.0,0.0,0.0,10.98,100.0,0.0,0.0,0.0,0.0,0.0,0,0.0,0.0,0.0,0.0,0,0.0,0.0,0.0,0.0,1385.83739275,0.0,0.025,0.0,0.0,0.213,0.03277427806,0.0,0.0,0.0,0.0,0.0,0.67677427806,0.99642178117,1385.83739275,106739.384816,0.0,0.0,0.0,0.0,0.0,0.0,IBGE Setores Censo 2022,361,162,0,15,177,0,162,0.0,100.0,-162,-100.0,44.87534626038781,0.0
0.0,0.0,,,11.2500099609,,,,,,,,,0.0,0.0,,,,,,,,ITAPOTY,,,,0.0,,,,,,,,,,,,,,,,,5512.6179,393.4266,Conservação_Florestas_Pampa,5512.61791382,11.2668082643,3000.0,TI,2014.82779071,2.03776594341,10.35,91.8627508093,2.34,20.7689697482,2.34,20.7689697482,0.0,0.0,1.08,9.58567834532,1.26,11.1832914029,0.0,0.0,0.0,0.0,2.34,20.7689697482,0.0,0.0,0.0,0.0,0.0,0,0.0,0.0,0.0,0.0,0,0.0,0.0,0.0,0.0,2014.82779071,0.0,0.00519224244,0.0,0.03115345462,0.0,0.01596542248,0.29711636344,0.0,0.0,0.0,0.0,0.1611947561,0.2075217286,2014.82779071,112668.082643,79.2310302518,0.0,0.0,0.0,0.0,0.0,ITAPOTY,432,186,142,5,49,2,46,40.0,24.731182795698924,-44,-23.655913978494624,43.05555555555556,32.870370370370374
0.0,0.0,,,10.8994015065,,,,,,,,,0.0,0.0,,,,,,,,,,,,0.0,,,,,,,,,,,,,,,,,0.0,0.0,,0.0,10.901054989,3000.0,TI,1825.21035506,2.07746478873,12.69,116.410751187,0.09,0.82560816445,0.09,0.82560816445,0.0,0.0,0.0,0.0,0.0,0.0,0.0,0.0,1.98,18.1633796178,0.0,0.0,0.0,0.0,0.0,0.0,0.0,0,0.0,0.0,0.0,0.0,0,0.0,0.0,0.0,0.0,1825.21035506,0.0,0.0,0.0031912317,0.00123841225,0.0,0.01704071616,0.37190396938,0.0,0.0,0.0,0.0,0.04918392733,0.03613139028,1825.21035506,109010.564363,99.1743918356,0.0,0.0,0.0,0.0,0.0,,279,164,182,20,2,19,1,95.0,0.6097560975609756,18,10.975609756097562,58.78136200716846,65.23297491039428
0.0,0.0,,,131.184503737,,,,,,,,,0.0,0.0,,,,,,,,,,,,0.0,,,,,,,,,,,,,,,,,0.0,0.0,,0.0,131.204317357,3000.0,TI,5329.48144067,2.30169621288,9.0,6.85953037316,143.55,109.409509452,143.55,100.0,140.13,106.80288791,1.89,1.44050137836,1.26,0.96033425224,0.0,0.0,3.15,2.40083563061,135.72,100.0,0.0,0.0,0.0,0.0,0.0,0,0.0,0.0,0.0,0.0,0,0.0,0.0,0.0,0.0,5329.48144067,0.0,0.025,0.00042181703,0.15,0.0,0.02311430926,0.0,0.0,0.0,0.0,0.0,0.60369249224,0.88459766438,5329.48144067,1312043.16939,0.0,0.0,0.0,0.0,0.0,0.0,,2415,1732,164,103,1671,42,1610,40.77669902912621,92.95612009237875,-1568,-90.5311778290993,71.7184265010352,6.790890269151138
0.0,0.0,,,8.43357530361,,,,431490205001285P,Porto Alegre,Guarani,Pindó Poty - Lami,,0.0,0.0,,,,,,,,,,,,0.0,,,,,,,,,,,,,,,,,0.0,0.0,,0.0,8.44168232807,3000.0,TI,1245.07910788,2.17950445682,9.72,115.142925572,0.27,3.19841459921,0.09,1.06613819974,0.0,0.0,0.0,0.0,0.0,0.0,0.18,2.13227639947,0.54,6.39682919842,0.18,2.13227639947,0.0,0.0,0.0,0.0,0.0,0,0.0,0.0,0.0,0.0,0,0.0,84335.7760602,99.9039916247,0.0,1245.07910788,0.0,0.0005330691,0.00112389679,0.0015992073,0.00454174873,0.01980459026,0.36300594525,0.0,0.0,0.05799201565,0.0,0.12634078899,0.15419087407,1245.07910788,84416.8232807,96.8015854008,0.0,0.0,0.0,0.0,0.0,IBGE Setores Censo 2022,221,134,133,7,8,3,4,42.857142857142854,2.9850746268656714,-1,-0.7462686567164178,60.633484162895925,60.18099547511312
0.0,0.0,,,23.6096880175,,,,431830905000034P,São Gabriel - Caçapava do Sul,Guarani,Jekupe Amba,,0.0,0.0,,,,,,,,,,,,0.0,,,,,,,,,,,,,,,,,0.0,0.0,,0.0,23.609947656,3000.0,TI,2296.01011893,2.32568304421,11.16,47.2682115293,14.94,63.2784122086,0.9,3.81195254269,0.0,0.0,0.0,0.0,0.0,0.0,14.04,59.4664596659,1.8,7.62390508537,7.11,30.1144250872,0.0,0.0,0.0,0.0,0.0,0,0.0,0.0,0.0,0.0,0,0.0,0.0,0.0,0.0,2296.01011893,0.0,0.00752860627,0.00133948902,0.00571792881,0.12666355909,0.02376402307,0.13770595422,0.0,0.0,0.0,0.0,0.43062867401,0.61978874649,2296.01011893,236099.47656,36.7215877914,0.0,0.0,0.0,0.0,0.0,IBGE Setores Censo 2022,567,224,116,140,248,8,116,5.714285714285714,51.78571428571429,-108,-48.214285714285715,39.50617283950617,20.458553791887123
0.0,0.0,,,8120.46630933,,,,430467105000012P,Porto Alegre,Guarani,Acampamento Capivari,,0.0,0.0,,,,,,,,,,,,0.0,,,,,,,,,,,,,,,,,0.0,0.0,,0.0,8131.35940876,10000.0,TI,56601.9862135,2.19941930111,1372.05,16.8735623532,6178.5,75.9836048244,6177.69,75.9736433904,3170.52,38.9912662892,3001.95,36.9181811932,0.0,0.0,0.81,0.00996143399,1868.94,22.9843486931,304.92,3.74992648427,0.0,0.0,0.0,0.0,0.0,0,0.0,0.0,0.0,0.0,0,0.0,0.0,0.0,0.0,57858.3790393,0.0,0.00093748162,0.00403825629,0.11396046509,2.121785e-05,0.02034400912,0.09006148191,0.0,0.0,0.0,0.0,0.44716343548,0.64508896428,57858.3790393,78856352.2784,24.0163951756,0.0,0.0,0.0,0.0,0.0,IBGE Setores Censo 2022,200736,17023,16529,87767,88261,3956,4450,4.507388881926009,26.141103213299655,-494,-2.901956176937085,8.480292523513471,8.234198150805037
0.0,0.0,,,928.262277196,,,,430470505000053P,Carazinho,Kaingang,Carazinho - Acampamento,,0.0,0.0,,,,,,,,,,,,0.0,,,,,,,,,,,,,,,,,0.0,0.0,,0.0,928.429774128,5157.28162796,TI,19660.1637893,1.71404021106,314.73,33.8991713504,739.98,79.7023125088,594.0,63.9789908244,497.79,53.6163330681,34.92,3.76118915755,32.31,3.48006934939,145.98,15.7233216844,106.02,11.4192804835,88.47,9.52899211823,2761734.01771,586957.843827,201553.082163,55790.4281765,0.91404404415,0,60.0911665386,6.32204890648,55790.4281765,0.0,0,0.0,0.0,0.0,29.7462887843,19660.1637893,380267.491386,0.00238224803,0.00200632099,0.09596848624,0.03349067519,0.0071968996,0.07611632809,0.0,0.0,0.0,3.333727e-05,0.4668823227,0.67526128591,19660.1637893,9284297.74128,20.2976874912,0.02120506882,0.11703809116,0.21754753185,0.35579069183,0.56795218954,IBGE Setores Censo 2022,44265,3884,3882,8775,8777,1149,1151,13.094017094017094,29.634397528321315,-2,-0.051493305870236865,8.77442674799503,8.769908505591326
0.0,0.0,,,20.0956464922,,,,,,,,RS-4317509-9B5A0476901D4F359C8657C6B97065A7,1.0055,20.11,,,,,,,,,,,,0.0,,,,,,,,,,,,,,,,,0.0,0.0,,0.0,20.0961782798,3000.0,TI,2273.00308715,2.04765629768,10.89,54.1894077987,12.15,60.4592566349,12.15,60.4592566349,8.37,41.6497101263,3.78,18.8095465086,0.0,0.0,0.0,0.0,1.71,8.50908056344,0.09,0.44784634544,94913.7320423,73892.8345556,31694.2612385,2488.9171815,0.52492946931,0,123.850273761,36.7695954558,2488.9171815,0.0,0,0.0,0.0,0.0,47.2297422529,2273.00308715,60115.3194299,0.00011196159,0.00149501074,0.09068888495,0.0,0.0162333153,0.14827778762,0.0,0.0,0.0,5.27019e-06,0.36325609329,0.51670041539,2273.00308715,200961.782798,39.5407433651,0.12333055527,0.24122014043,0.1249361135,0.4894868092,0.78137261997,CAR,900,147,165,173,155,19,1,10.982658959537572,0.6802721088435374,18,12.244897959183673,16.333333333333332,18.333333333333332
0.0,0.0,,,161.579289113,,,,,,,,,0.0,0.0,,,,,,,,DNIT,,,,0.0,,,,,,,,,,,,,,,,,0.0,0.0,,0.0,161.661314387,3000.0,TI,5872.45803463,1.82693527606,165.51,102.380709094,23.22,14.3633621241,23.22,14.3633621241,3.78,2.33822174113,4.05,2.50523757979,15.39,9.51990280319,0.0,0.0,15.3,9.46423085697,14.49,8.96318334101,0.0,0.0,0.0,0.0,0.0,0,0.0,0.0,0.0,0.0,0,0.0,0.0,0.0,0.0,5872.45803463,0.0,0.00224079584,0.00166282675,0.02154504319,0.0,0.01025480591,0.32113739204,0.0,0.0,0.0,0.0,0.11724042615,0.14026620015,5872.45803463,1616613.14387,85.6366378759,0.0,0.0,0.0,0.0,0.0,DNIT,3770,2052,2038,207,221,118,132,57.00483091787439,6.432748538011696,-14,-0.682261208576998,54.42970822281167,54.05835543766578
0.0,0.0,,,3832.20655105,,,,430676715000018P,Porto Alegre,Guarani,Pekuruty - Arroio Divisa,,0.0,0.0,,,,,,,,,,,,0.0,,,,,,,,,,,,,,,,,0.0,0.0,,0.0,3834.75352994,10000.0,TI,34666.0242211,2.07621735602,1989.45,51.8794750293,2360.88,61.5653648029,2360.88,61.5653648029,1568.25,40.8957182712,773.01,20.1580099989,7.02,0.18306261263,0.0,0.0,391.41,10.2069141327,1625.58,42.3907296077,2418406.93098,617650.282411,157825.669103,59291.7118904,0.19270323112,0,15.4616747293,1.61066487349,59291.7118904,0.0,0,0.0,3411568.07066,8.8964467619,6.30655114143,34666.0242211,50245.0735372,0.0105976824,0.00179331317,0.0923480472,0.0,0.01700692786,0.14412988199,0.0,0.0,0.00516418685,4.40488e-06,0.38518924428,0.5502608328,34666.0242211,38347535.3922,38.4346351971,0.00540240356,0.03011432463,0.04586443353,0.08138116172,0.12990955088,IBGE Setores Censo 2022,114342,42277,24640,8858,26495,2721,20358,30.717995032738767,48.15384251484259,-17637,-41.717718854223335,36.97416522362737,21.54938692693848
0.0,0.0,,,7322.37839,,,,430730240000006P,Frederico Westphalen,Guarani,Gengibre,,0.0,0.0,,,,,,,,,,,,0.0,,,,,,,,,,,,,,,,,0.0,0.0,,0.0,7322.51331121,10000.0,TI,66602.9613744,1.67300020443,7651.89,104.498137112,580.59,7.92883502323,580.59,7.92883502323,75.42,1.02997422872,505.17,6.89886079451,0.0,0.0,0.0,0.0,147.78,2.01815952692,407.79,5.568989535,67652900.0633,67492171.109,3325953.0104,426534.119555,0.5967910806,0,58.2496884766,92.1707727816,426534.119555,0.0,0,0.0,0.0,0.0,92.3902724907,66602.9613744,67331855.9721,0.00139224738,0.0003545824,0.01189325253,0.0,0.00608527886,0.34526686866,0.0,0.0,0.0,0.00590284541,0.07384648231,0.07386813134,66602.9613744,73225133.1655,92.0711649768,0.30915413798,0.11345148951,0.14203957396,0.56464520145,0.9013487026,IBGE Setores Censo 2022,219450,93138,91448,4537,6227,1197,2887,26.38307251487767,3.099701518177328,-1690,-1.814511799695076,42.44155844155844,41.67145135566188
0.0,0.0,,,143.292992982,,,,,,,,RS-4323002-26DC0C12BC1E4EAD970277D42F34B839,14.3178,143.1784,,,,,,,,,,,,0.0,,,,,,,,,,,,,,,,,0.0,0.0,,0.0,143.43861262,3000.0,TI,5451.75027863,1.58785213803,141.3,98.5090398039,10.17,7.09014108143,10.17,7.09014108143,0.0,0.0,0.9,0.6274461134,9.27,6.46269496803,0.0,0.0,22.05,15.3724297783,9.99,6.96465185875,0.0,0.0,0.0,0.0,0.0,0,0.0,0.0,0.0,0.0,0,0.0,0.0,0.0,0.0,5451.75027863,0.0,0.00174116296,0.0027008732,0.01063521162,0.0,0.00377893527,0.34841197094,0.0,0.0,0.0,0.0,0.07104246571,0.06957764123,5451.75027863,1434386.12567,92.9098589186,0.0,0.0,0.0,0.0,0.0,CAR,2832,1799,1704,202,297,32,127,15.841584158415841,7.0594774874930515,-95,-5.28071150639244,63.524011299435024,60.16949152542372
0.0,0.0,,,1200.17521913,,,,430781510000004P,Sobradinho,Guarani,Itauba Guarani,,0.0,0.0,,,,,,,,,,,,0.0,,,,,,,,,,,,,,,,,0.0,0.0,,0.0,1200.26554907,5863.87886528,TI,24032.830834,1.94200457913,926.82,77.2179123793,330.48,27.5339069972,330.48,27.5339069972,121.86,10.1527532882,197.91,16.4888511674,10.71,0.89230254157,0.0,0.0,326.52,27.203980007,99.09,8.25567309474,437282.614694,277817.526852,51842.5586054,12465.1220665,0.04816065171,26,10.385303549,2.31463384971,12465.1220665,77712.8052935,27,0.64746343302,81605.8860985,0.67989859545,3.6432155787,24032.830834,10194.4399697,0.00206391827,0.0047796283,0.0413008605,0.0,0.01337160423,0.27174784876,0.00270466321,0.02658223216,0.00039466581,8.9373e-07,0.21588957339,0.29121152309,24032.830834,12002655.4907,72.4660930028,0.00776361759,0.02022720099,0.01146250116,0.03945331974,0.06297972331,IBGE Setores Censo 2022,51606,8396,10164,7897,6129,3254,1486,41.20552108395593,17.69890424011434,1768,21.057646498332538,16.26942603573228,19.69538425764446
0.0,0.0,,,103.227613025,,,,432150105000085P,Torres,Guarani,Nhu'u Porã - Campo Bonito,,0.0,0.0,,,,,,,,,,,,0.0,,,,,,,,,,,,,,,,,0.0,0.0,,0.0,103.439741443,3000.0,TI,5535.06927759,2.3740318466,27.0,26.1021534116,91.53,88.4863000653,90.27,87.2681995727,0.09,0.08700717804,78.57,75.9572664277,11.61,11.223925967,1.26,1.21810049254,26.46,25.5801103434,6.3,6.0905024627,235277.830742,166619.66659,73760.5054458,9559.69735813,1.38652243951,0,92.4180367057,16.1078974427,9559.69735813,0.0,0,0.0,0.0,0.0,22.7454012224,5535.0694099,120632.785627,0.00152262562,0.00449432103,0.13090229936,0.00259455405,0.02507361183,0.04317637476,0.0,0.0,0.0,1.057563e-05,0.51841181945,0.75410775083,5535.0694099,1034397.36429,11.5136999348,0.0540282239,0.18000034328,0.33,0.56402856718,0.90036436322,IBGE Setores Censo 2022,4030,45,375,1451,1121,370,40,25.499655410062026,88.88888888888889,330,733.3333333333333,1.1166253101736971,9.305210918114144
0.0,0.0,,,6599.53437539,,,,432050310000002P,Passo Fundo,Kaingang,Agrovila do INCRA,,0.0,0.0,,,,,,,,,,,,0.0,,,,,,,,,,,,,,,,,0.0,0.0,,0.0,6601.91241031,10000.0,TI,51712.1438136,1.76068078452,1753.74,26.564120985,5745.69,87.0306911529,5735.43,86.8752816387,5390.64,81.6527040192,252.27,3.82116550965,83.07,1.25827176789,10.26,0.15540951413,158.94,2.40748422763,673.38,10.1997717956,15424783.8588,5290909.77243,2298525.44734,273090.205916,1.28958868475,0,41.3653179478,8.01420776829,273090.205916,0.0,0,0.0,0.0,0.0,23.3641146689,51712.1438136,2644542.51142,0.00254994295,0.00042298516,0.13031292246,0.00033102227,0.00846021881,0.04863490818,0.0,0.0,0.0,0.00023184161,0.49836437154,0.72343269095,51712.1438136,66019124.1031,12.9693088472,0.02688081503,0.08056621517,0.30692923089,0.41437626108,0.6614729114,IBGE Setores Censo 2022,159264,27232,21151,60642,66723,1418,7499,2.3383133801655616,27.537455934195066,-6081,-22.330346650998827,17.098653807514566,13.280465139642356
0.0,0.0,,,2309.54297869,,,,430160205000163P,Bagé,Guarani,Bagé,,0.0,0.0,,,,,,,,,,,,0.0,,,,,,,,,,,,,,,,,0.0,0.0,,0.0,2309.54536915,10000.0,TI,41495.9228749,1.87212935805,1651.23,71.49588928,1015.2,43.956703062,863.19,37.3748882152,339.57,14.7028936749,426.51,18.4672709052,42.21,1.82763242341,152.01,6.58181484679,166.14,7.19362356848,632.34,27.3794145136,0.0,0.0,0.0,0.0,0.0,0,0.0,0.0,0.0,0.0,0,0.0,0.0,0.0,0.0,41495.9228749,0.0,0.00684485363,0.00126389031,0.05606233232,0.01401926562,0.01147894506,0.21016236352,0.0,0.0,0.0,0.0,0.2829791428,0.39386681211,41495.9228749,23095453.6915,56.043296938,0.0,0.0,0.0,0.0,0.0,IBGE Setores Censo 2022,97160,26338,21778,4929,9489,1582,6142,32.09575978900385,23.3199179892171,-4560,-17.313387500949197,27.107863318237957,22.414573898723756
0.0,0.0,,,5.61606673908,,,,430190905000028P,Porto Alegre,Guarani,Passo Grande - Yxyry Porã,,0.0,0.0,,,,,,,,,,,,0.0,,,,,,,,,,,,,,,,,0.0,0.0,,0.0,5.62036560078,3000.0,TI,1206.70386684,1.90405405212,6.57,116.896310074,0.09,1.60131931609,0.09,1.60131931609,0.0,0.0,0.0,0.0,0.0,0.0,0.0,0.0,0.0,0.0,0.09,1.60131931609,0.0,0.0,0.0,0.0,0.0,0,0.0,0.0,0.0,0.0,0,0.0,0.0,0.0,0.0,1206.70386684,0.0,0.00040032983,0.0,0.00240197897,0.0,0.01234366597,0.36899505256,0.0,0.0,0.0,0.0,0.05215092221,0.0406712572,1206.70386684,56203.6560078,98.3986806839,0.0,0.0,0.0,0.0,0.0,IBGE Setores Censo 2022,252,105,98,0,7,0,7,0.0,6.666666666666667,-7,-6.666666666666667,41.66666666666667,38.88888888888889
0.0,0.0,,,2553.40059286,,,,430781510000005P,Sobradinho,Guarani,Ka'aguy Poty,,0.0,0.0,,,,,,,,,,,,0.0,,,,,,,,,,,,,,,,,0.0,0.0,,0.0,2553.58057678,10000.0,TI,31138.4520882,1.92693769266,1452.33,56.8742577856,1289.52,50.498504403,1289.52,50.498504403,648.36,25.3902307174,554.76,21.7247893035,86.4,3.38348438211,0.0,0.0,348.39,13.6431958783,416.07,16.2935919776,1382326.51493,299418.603179,48489.1129433,54796.8889937,0.13327836854,113,21.4588446873,1.17254417543,54796.8889937,61697.4748112,21,0.24161162319,228593.924004,0.89518978208,5.41328723871,31138.4520882,11166.8898395,0.00407339799,0.00239705385,0.0757477566,0.0,0.01296349846,0.18563060849,0.00210362694,0.00991959689,0.00051963749,9.7898e-07,0.32329887307,0.45556095621,31138.4520882,25535805.7678,49.501495597,0.0039328832,0.04179486546,0.03172098797,0.07744873663,0.12363218194,IBGE Setores Censo 2022,68210,17265,15287,16981,18959,2584,4562,15.217007243389672,26.42339994207935,-1978,-11.456704315088329,25.311537897668963,22.411669843131506
0.0,0.0,,,48.7133917258,,,,430885410000001P,Marau,Kaingang,Campo do Meio (Re Kuju),,0.0,0.0,,,,,,,,,,,,0.0,,,,,,,,,,,,,,,,,0.0,0.0,,0.0,48.7353592313,3000.0,TI,3085.77902105,1.71871985445,0.9,1.84670845603,54.99,112.833886663,50.67,100.0,28.71,58.9099997473,21.42,43.9516612535,0.0,0.0,4.32,8.86420058893,0.09,0.1846708456,0.0,0.0,8772.24557286,8772.24557286,0.0,264.881580359,0.36778889182,0,5.43510060328,1.79997556419,264.881580359,0.0,0,0.0,0.0,0.0,1.79997556419,3085.77902105,8772.24557286,0.0,3.244591e-05,0.15,0.01888074725,0.00732365369,0.0,0.0,0.0,0.0,7.6904e-07,0.58217118598,0.85166742004,3085.77902105,487353.592313,0.0,0.00603737906,0.01058581213,0.08753578798,0.10415897918,0.1662700055,IBGE Setores Censo 2022,946,16,14,690,692,0,2,0.0,12.5,-2,-12.5,1.6913319238900635,1.4799154334038054
0.0,0.0,,,2475.82990463,,,,430930805000110P,Porto Alegre,Guarani,Petim/Arasaty,,0.0,0.0,,,,,,,,,,,,0.0,,,,,,,,,,,,,,,,,0.0,0.0,,0.0,2477.79625087,10000.0,TI,22066.5818253,2.00889481042,1843.11,74.3850508028,1012.77,40.8738208254,1009.35,40.7357949487,186.3,7.51877802441,579.15,23.3735925541,189.72,7.65680390118,3.42,0.13802587678,334.17,13.486581065,399.24,16.1127049837,0.0,0.0,0.0,0.0,0.0,0,0.0,0.0,0.0,0.0,0,0.0,64921.6933854,0.26201384976,0.0,22066.5818253,0.0,0.00402817625,0.00236953727,0.06110369242,0.00029399512,0.01518341115,0.2217231719,0.0,0.0,0.00015209313,0.0,0.2626686589,0.36278927482,22066.5818253,24777962.4801,59.1261791745,0.0,0.0,0.0,0.0,0.0,IBGE Setores Censo 2022,59832,24186,22452,8857,10591,3379,5113,38.15061533250536,21.140329116017533,-1734,-7.169436864301662,40.42318491776975,37.525070196550345
0.0,0.0,,,6574.24713725,,,,430190905000017P,Porto Alegre,Guarani,Passo Grande,,0.0,0.0,,,,,,,,,,,,0.0,,,,,,,,,,,,,,,,,0.0,0.0,,0.0,6579.38664465,10000.0,TI,42061.448297,1.98822533508,3343.05,50.8109673524,3959.64,60.1825096146,3957.93,60.15651935,2150.55,32.6861775444,842.76,12.8090967368,917.19,13.9403572025,1.71,0.02599026463,1076.58,16.3629234478,1393.47,21.1793298564,0.0,0.0,0.0,0.0,0.0,0,0.0,0.0,0.0,0.0,0,0.0,3823077.95882,5.81069051408,0.0,42061.448297,0.0,0.00529483246,0.00287489889,0.09023477903,5.535926e-05,0.01462355215,0.14931558894,0.0,0.0,0.00337297489,0.0,0.36739100995,0.52302734621,42061.448297,65793866.4871,39.8174903854,0.0,0.0,0.0,0.0,0.0,IBGE Setores Censo 2022,157056,52260,38610,35063,48713,7425,21075,21.1761686107863,40.327210103329506,-13650,-26.119402985074625,33.274755501222494,24.5835880195599
0.0,0.0,,,96.0298845873,,,,,,,,RS-4303004-385B73A62873485A956065E98C9A1066,4.8017,96.0342,,,,,,,,,,,,0.0,,,,,,,,,,,,,,,,,0.0,0.0,,0.0,96.0424707132,3000.0,TI,4502.14840256,2.09414455191,33.75,35.1407036381,77.94,81.1515982682,77.94,81.1515982682,0.09,0.09370854303,0.81,0.84337688731,77.04,80.2145128378,0.0,0.0,0.72,0.74966834428,70.29,73.1863721102,0.0,0.0,0.0,0.0,0.0,0,0.0,0.0,0.0,0.0,0,0.0,0.0,0.0,0.0,4502.14840256,0.0,0.01829659303,0.00013171367,0.1217273974,0.0,0.01749250875,0.07068150649,0.0,0.0,0.0,0.0,0.49270327901,0.71477052343,4502.14840256,960424.686175,18.8484017318,0.0,0.0,0.0,0.0,0.0,CAR,1500,1296,382,49,963,1,915,2.0408163265306123,70.60185185185185,-914,-70.5246913580247,86.4,25.466666666666665
0.0,0.0,,,1119.92950013,,,,430930805000199P,Porto Alegre,Kaingang,Arroio do Conde,,0.0,0.0,,,,,,,,,,,,0.0,,,,,,,,,,,,,,,,,0.0,0.0,,0.0,1120.8495173,5666.56628624,TI,19908.0263841,2.23182747954,1011.15,90.2128237906,284.76,25.4057298152,254.25,22.683687335,75.24,6.71276552639,111.51,9.94870393205,4.77,0.42557006328,30.51,2.7220424802,615.69,54.9306566579,38.43,3.42864937771,8715530.90516,8689118.38178,584059.968381,48418.4528041,0.37454080132,0,43.2300223824,77.5800878329,48418.4528041,0.0,0,0.0,10160997.8935,90.7216445229,77.8159099029,19814.5095549,8662826.06256,0.00085716234,0.00965109227,0.034025531,0.00579795048,0.02122182582,0.27972851319,0.0,0.0,0.05266187009,0.00075945215,0.23042528213,0.31345294444,19814.5095549,11200191.4725,74.5942701848,0.26021486481,0.08419805426,0.08914277974,0.43355569881,0.69208923695,IBGE Setores Censo 2022,28362,6480,11604,8664,3540,5940,816,68.5595567867036,12.592592592592592,5124,79.07407407407408,22.847471969536702,40.91389887878147
0.0,0.0,,,9197.64476336,,,,431087605000002P,Cruz Alta,Kaingang,Borboleta,,0.0,0.0,,,,,,,,,,,,0.0,,,,,,,,,,,,,,,,,0.0,0.0,,0.0,9198.5510213,10000.0,TI,76642.55686,1.73191703379,1682.55,18.2914678204,7400.25,80.4501707156,7399.53,80.4423433959,6909.75,75.1178091419,445.95,4.84804616474,1.53,0.01663305445,0.72,0.00782731974,1785.06,19.4058824685,1480.32,16.092969388,14655283.141,4617106.76374,1975630.8698,288550.680342,0.85199726909,0,31.3691449527,5.01938484991,288550.680342,0.0,0,0.0,2215226.76203,2.40823446748,15.9321648671,76642.55686,1977950.89133,0.00402324235,0.00340953438,0.12066351509,1.667219e-05,0.00768111606,0.07331185982,0.0,0.0,0.00139792584,0.00017340289,0.46288767445,0.66914898299,76642.55686,91985510.213,19.5498292844,0.01683574467,0.06109691421,0.20278005663,0.28071271551,0.44810447565,IBGE Setores Censo 2022,241224,30840,18520,91678,103998,2950,15270,3.217783983071184,49.5136186770428,-12320,-39.94811932555123,12.784797532583822,7.6775113587371075
0.0,0.0,,,92.0368199308,,,,431142905000001P,Palmeira das Missões,Kaingang,Lajeado do Bugre,,0.0,0.0,,,,,,,,,,,,0.0,,,,,,,,,,,,,,,,,0.0,0.0,,0.0,92.0442311243,3000.0,TI,3984.00047473,2.17658038078,7.65,8.31122157962,96.75,105.112508213,56.79,61.698597844,33.48,36.3738167955,20.88,22.6847459585,0.0,0.0,39.96,43.4139103688,2.16,2.34669785778,2.97,3.22670955444,67933.6411608,20860.8503757,7491.05738131,3832.28048262,0.91893940424,0,41.6352055507,2.26639411518,3832.28048262,0.0,0,0.0,0.0,0.0,7.38054306402,3984.00047473,12219.9745339,0.00080667739,0.00041230524,0.09254789677,0.09247162909,0.01972538794,0.0,0.0,0.0,0.0,1.0713e-06,0.61113821464,0.89599053501,3984.00047473,920442.311243,0.0,0.00760181452,0.08109186863,0.21871265459,0.30740633775,0.49071576803,IBGE Setores Censo 2022,1792,99,79,1190,1210,12,32,1.0084033613445378,32.323232323232325,-20,-20.2020202020202,5.524553571428571,4.408482142857143
0.0,0.0,,,21.0521254114,,,,431240105000076P,Montenegro,Kaingang,Bairro Centenário,,0.0,0.0,,,,,,,,,,,,0.0,,,,,,,,,,,,,,,,,0.0,0.0,,0.0,21.0678640271,3000.0,TI,2395.92146744,2.55080537282,0.0,0.0,24.21,114.91435472,3.15,14.9516818409,0.0,0.0,3.15,14.9516818409,0.0,0.0,21.06,99.962672879,0.0,0.0,6.66,31.6121273207,0.0,0.0,0.0,0.0,0.0,0,0.0,0.0,0.0,0.0,0,0.0,0.0,0.0,0.0,2395.92146744,0.0,0.00790303183,0.0,0.02242752276,0.21292049323,0.02986174745,0.0,0.0,0.0,0.0,0.0,0.67911279528,1.0,2395.92146744,210678.640271,0.0,0.0,0.0,0.0,0.0,0.0,IBGE Setores Censo 2022,729,15,0,313,328,0,15,0.0,100.0,-15,-100.0,2.05761316872428,0.0
0.0,0.0,,,8189.57789575,,,,430350922000003P,Camaquã,Guarani,Guavirá Poty - Três Bicos,,0.0,0.0,,,,,,,,,,,,0.0,,,,,,,,,,,,,,,,,0.0,0.0,,0.0,8193.08841399,10000.0,TI,53960.3369407,1.71152369484,5561.91,67.8853897207,3984.84,48.6366043993,3984.66,48.6344074256,897.48,10.9541110098,1494.99,18.2469653012,1587.96,19.381702232,0.18,0.00219697373,719.82,8.78569793987,2975.31,36.3148772436,0.0,0.0,0.0,0.0,0.0,0,0.0,0.0,0.0,0.0,0,0.0,0.0,0.0,0.0,53960.3369407,0.0,0.00907871931,0.00154361128,0.07295161114,4.67955e-06,0.00712873656,0.1926127335,0.0,0.0,0.0,0.0,0.30100740177,0.42145226468,53960.3369407,81930884.1399,51.3633956007,0.0,0.0,0.0,0.0,0.0,IBGE Setores Censo 2022,181222,92930,66772,15913,42071,6275,32433,39.433167850185384,34.90046271387065,-26158,-28.14806843860971,51.27964595909988,36.84541611945569
0.0,0.0,,,524.565098993,,,,431490205001259P,Porto Alegre,Guarani,Ponta do Arado,,0.0,0.0,,,,,,,,,,,,0.0,,,,,,,,,,,,,,,,,0.0,0.0,,0.0,525.044783514,3878.32758676,TI,13623.4229369,2.10590908321,547.74,104.322529658,38.34,7.30223424817,13.14,2.50264366252,0.0,0.0,2.61,0.49710045351,0.0,0.0,25.2,4.79959058565,65.43,12.4617941277,24.03,4.57675245132,0.0,0.0,0.0,0.0,0.0,0,0.0,0.0,0.0,0.0,0,0.0,5215095.95933,99.9026323023,0.0,13215.5473874,0.0,0.00114418811,0.00218948639,0.00375396549,0.01022312795,0.01781116603,0.34761662157,0.0,0.0,0.05799122659,0.0,0.14711756622,0.18598189747,13215.5473874,5220178.72717,92.6977657518,0.0,0.0,0.0,0.0,0.0,IBGE Setores Censo 2022,16416,6599,6277,566,888,244,566,43.109540636042404,8.577057129868162,-322,-4.879527201091075,40.19858674463938,38.2370857699805
0.0,0.0,,,2.73471883507,,,,431490205002779P,Porto Alegre,Kaingang,Ymã Tupë Pën - Morro do Osso,,0.0,0.0,,,,,,,,,,,,0.0,,,,,,,,,,,,,,,,,0.0,0.0,,0.0,2.73709009616,3000.0,TI,614.638155033,1.93823530043,2.61,95.3567441445,0.45,16.4408179559,0.0,0.0,0.0,0.0,0.0,0.0,0.0,0.0,0.45,16.4408179559,0.0,0.0,0.0,0.0,0.0,0.0,0.0,0.0,0.0,0,0.0,0.0,0.0,0.0,0,0.0,0.0,0.0,0.0,614.638155033,0.0,0.0,0.0,0.0,0.03501894225,0.01326950852,0.31334693267,0.0,0.0,0.0,0.0,0.1409415181,0.17653178459,614.638155033,27370.9009616,83.5591820441,0.0,0.0,0.0,0.0,0.0,IBGE Setores Censo 2022,64,41,32,12,21,10,19,83.33333333333334,46.34146341463415,-9,-21.951219512195124,64.0625,50.0
0.0,0.0,,,1912.79688904,,,,431540410000004P,Três Passos,Guarani - Kaingang,Capoeira dos Amaros,,0.0,0.0,,,,,,,,,,,,0.0,,,,,,,,,,,,,,,,,0.0,0.0,,0.0,1912.82521896,7402.59456137,TI,20671.0909551,1.767909501,855.18,44.7076916136,1308.87,68.4260112752,1308.15,68.3883706171,643.05,33.617812732,665.1,34.7705578851,0.0,0.0,0.72,0.03764065806,168.75,8.82202923337,273.69,14.308155146,7562741.32788,5932696.97534,2393102.9929,98657.8889507,0.34009654529,0,51.5770537057,31.0153636745,98657.8889507,0.0,0,0.0,0.0,0.0,39.537022308,20671.0909551,4685403.54208,0.00357703879,0.00154999454,0.10258255593,8.01746e-05,0.00865601778,0.11840245772,0.0,0.0,0.0,0.0004107597,0.40053257513,0.57373801527,20671.0909551,19128252.1707,31.5739887248,0.10403002743,0.10045536243,0.08094485653,0.2854302464,0.45563511672,IBGE Setores Censo 2022,50244,11428,11223,14181,14386,2265,2470,15.972075312037232,21.61358067903395,-205,-1.7938396919845994,22.745004378632274,22.336995462144735
0.0,0.0,,,3340.33942549,,,,431575005000007P,Taquara - Parobé - Igrejinha,Xokleng,Zagaua (Konglui),,0.0,0.0,,,,,,,,,,,,0.0,,,,,,,,,,,,,,,,,0.0,0.0,,0.0,3345.41126647,10000.0,TI,30332.3868261,1.95383300366,3093.3,92.4639679134,758.7,22.6788259968,758.7,22.6788259968,14.31,0.42775009887,262.71,7.85284615476,481.68,14.3982297432,0.0,0.0,118.35,3.53768163532,544.23,16.2679550181,504699.853768,118741.092409,8437.21589001,26825.5007975,0.02494494608,0,8.01859582096,0.35493720492,26825.5007975,18562.743318,7,0.05548717883,0.0,0.0,1.50863321017,30332.3868261,762.231369522,0.00406698875,0.00062155623,0.034018239,0.0,0.01369199214,0.28995440251,0.00070120898,0.00227807934,0.0,6.682e-08,0.17018048264,0.2212709949,30332.3868261,33454112.6607,77.3211740032,0.00119051086,0.0156176224,0.00593703497,0.02274516823,0.03630833631,IBGE Setores Censo 2022,78396,41044,34657,3563,9950,892,7279,25.03508279539714,17.734626254751,-6387,-15.561348796413604,52.35471197510076,44.207612633297614
0.0,0.0,,,46.7760118755,,,,431645105000005P,Cruz Alta,Kaingang,Horto Florestal,,0.0,0.0,,,,,,,,,,,,0.0,,,,,,,,,,,,,,,,,0.0,0.0,,0.0,46.7793832118,3000.0,TI,3028.33132428,2.2191414573,4.77,10.196799685,48.87,104.46909866,15.75,33.6686782053,15.75,33.6686782053,0.0,0.0,0.0,0.0,33.12,70.8004204546,0.99,2.11631691576,5.76,12.3131166008,42163.5016617,42163.5016617,0.0,460.26016172,0.00064680475,0,9.83895330368,9.01326594111,460.26016172,0.0,0,0.0,0.0,0.0,9.01326594111,3028.33132428,42163.5016617,0.00307827915,0.00037182825,0.05050301731,0.15080489557,0.02087820879,0.0,0.0,0.0,0.0,3.69639e-06,0.63088887618,0.92621147526,3028.33132428,467793.826756,0.0,0.03023180102,0.01916308802,0.0001539431,0.04954883214,0.07909528931,IBGE Setores Censo 2022,756,116,52,550,614,18,82,3.272727272727273,70.6896551724138,-64,-55.172413793103445,15.343915343915343,6.878306878306878
0.0,0.0,,,281.109138546,,,,431645105000023P,Cruz Alta,Guarani,Tekoa Porã - Saltinho,,0.0,0.0,,,,,,,,,,,,0.0,,,,,,,,,,,,,,,,,0.0,0.0,,0.0,281.128420052,3000.0,TI,7840.01367419,1.85467614268,269.82,95.977489558,22.77,8.09950128692,22.77,8.09950128692,0.0,0.0,14.4,5.1222142526,8.37,2.97728703432,0.0,0.0,39.33,13.9900476774,22.77,8.09950128692,2350841.44487,2350057.51565,60660.03894,25765.6459912,0.03651119862,0,91.6508049756,83.5937368393,25765.6459912,0.0,0,0.0,101297.435119,3.60324420888,83.6216219325,7840.01367419,2349274.11014,0.00202487532,0.0024579943,0.01214925193,0.0,0.01100620254,0.34462687017,0.0,0.0,0.00209160206,0.00020595603,0.08598111134,0.09243560557,7840.01367419,2811284.19964,91.9004987131,0.28038551564,0.17850602486,0.00868986697,0.46758140746,0.74640481118,IBGE Setores Censo 2022,8415,3290,3184,585,691,118,224,20.17094017094017,6.808510638297872,-106,-3.221884498480243,39.096850861556746,37.83719548425431
0.0,0.0,,,2203.01017816,,,,432300230000005P,Porto Alegre,Guarani,Takua Ovy,,0.0,0.0,,,,,,,,,,,,0.0,,,,,,,,,,,,,,,,,0.0,0.0,,0.0,2205.30981901,10000.0,TI,23852.323244,1.7566584588,2140.83,97.0761559916,402.84,18.26682113,402.84,18.26682113,1.44,0.06529694774,12.69,0.57542935195,387.27,17.5607978825,0.0,0.0,146.16,6.6276401955,361.53,16.3936149417,0.0,0.0,0.0,0.0,0.0,0,0.0,0.0,0.0,0.0,0,0.0,0.0,0.0,0.0,23852.323244,0.0,0.00409840374,0.00116444934,0.02740023169,0.0,0.008351269,0.30649942076,0.0,0.0,0.0,0.0,0.13818603433,0.17231555566,23852.323244,22053098.1949,81.73317887,0.0,0.0,0.0,0.0,0.0,IBGE Setores Censo 2022,49022,28614,25090,888,4412,567,4091,63.85135135135135,14.297197176207451,-3524,-12.31564968197386,58.36971155807596,51.181102362204726
0.0,0.0,,,27133.8645109,,,,430003425000001P,Bagé,Guarani,Aceguá,,0.0,0.0,,,,,,,,,,,,0.0,,,,,,,,,,,,,,,,,0.0,0.0,,0.0,27133.9276956,10000.0,TI,100888.310418,2.09591456393,20476.89,75.4660004616,11092.5,40.880554133,11091.96,40.8785640046,5018.22,18.4942631833,5796.27,21.3617065138,142.11,0.52373545619,0.54,0.0019901284,1754.37,6.4655954703,7444.35,27.4355783782,0.0,0.0,0.0,0.0,0.0,0,0.0,0.0,0.0,0.0,0,0.0,0.0,0.0,0.0,100080.106134,0.0,0.00685889459,0.00113597875,0.06131784601,4.23897e-06,0.01754045177,0.221697922,0.0,0.0,0.0,0.0,0.2688875306,0.37230491305,100080.106134,270639139.167,59.119445867,0.0,0.0,0.0,0.0,0.0,IBGE Setores Censo 2022,796467,300512,235459,56876,121935,15500,80553,27.25226809198959,26.805252369289747,-65053,-21.64738845703333,37.730627885398896,29.562932299768853
0.0,0.0,,,262.398806492,,,,430005905000010P,Tapejara - Sananduva,Kaingang,Faxinal/São Miguel (Goj Kusa),,0.0,0.0,,,,,,,,,,,,0.0,,,,,,,,,,,,,,,,,0.0,0.0,,0.0,262.519445837,3000.0,TI,7480.96062127,1.92130970553,18.99,7.23374984259,280.17,106.723522559,229.86,87.5592279525,172.17,65.5837130278,41.58,15.8388266696,8.28,3.15405206407,50.31,19.1642946067,6.48,2.46838857188,5.76,2.194123175,167540.625483,37957.8024333,12538.7060196,8219.13651718,1.27941062526,0,31.3086769286,1.44590440957,8219.13651718,0.0,0,0.0,0.0,0.0,6.38202724179,7480.96062127,18889.9805175,0.00054853079,0.0004336858,0.13133884193,0.04081994751,0.01281105728,0.0,0.0,0.0,0.0,1.65605e-06,0.59108303566,0.86530364565,7480.96062127,2625194.45837,0.0,0.00484977307,0.06097914212,0.3045067965,0.37033571169,0.59117054816,IBGE Setores Censo 2022,5963,248,210,3360,3398,44,82,1.3095238095238095,33.064516129032256,-38,-15.32258064516129,4.158980379003857,3.521717256414556
0.0,0.0,,,72.4375000961,,,,430440805000102P,Caxias do Sul,Kaingang,Kógunh Mág/Jagtyg Fykóg,,0.0,0.0,,,,,,,,,,,,0.0,,,,,,,,,,,,,,,,,0.0,0.0,,0.0,72.5226113539,3000.0,TI,4216.34697133,2.01468171992,71.46,98.534786139,12.42,17.1256933088,1.17,1.61328994938,0.0,0.0,0.0,0.0,0.0,0.0,11.25,15.5124033594,2.25,3.10248067188,10.53,14.5196095444,0.0,0.0,0.0,0.0,0.0,0,0.0,0.0,0.0,0.0,0,0.0,0.0,0.0,0.0,4216.34697133,0.0,0.00362990239,0.0005450932,0.00241993492,0.03304141916,0.01534015695,0.31077865009,0.0,0.0,0.0,0.0,0.14910767013,0.18902700112,4216.34697133,725226.112868,82.8743066912,0.0,0.0,0.0,0.0,0.0,IBGE Setores Censo 2022,1911,985,759,68,294,19,245,27.941176470588236,24.873096446700508,-226,-22.944162436548226,51.54369440083726,39.71742543171114
0.0,0.0,,,9.54546617129,,,,,,,,RS-4302105-BEE8FCFBDF20452080A255BFB25C4AB5,0.7949,9.5385,,,,,,,,,,,,0.0,,,,,,,,,,,,,,,,,0.0,0.0,,0.0,9.55212218936,3000.0,TI,2196.04077487,1.86304345442,1.53,16.017383045,8.82,92.3355022596,8.82,92.3355022596,0.0,0.0,8.82,92.3355022596,0.0,0.0,0.0,0.0,0.0,0.0,1.44,15.0751840424,0.13335197388,0.13335197388,0.00056655341,0.00585005745,4e-11,0,0.00061243537,0.00013960455,0.00585005745,0.0,0,0.0,0.0,0.0,0.00013960455,2196.04077487,1.20353e-06,0.00376879601,0.0,0.13850325339,0.0,0.01123284181,0.02874186653,0.0,0.0,0.0,0.0,0.53076302469,0.77300661327,2196.04077487,95521.2218936,7.6644977404,4.6825e-07,1.19283e-06,1e-11,1.66109e-06,2.65161e-06,CAR,190,41,21,130,150,2,22,1.5384615384615385,53.65853658536586,-20,-48.78048780487805,21.578947368421055,11.052631578947368
0.0,0.0,,,1050.00862624,,,,,,,,RS-4304408-FDF08211B5324581ADFDA077121F0340,58.2882,1049.1877,,,,,,,,,,,,0.0,,,,,,,,,,,,,,,,,0.0,0.0,,0.0,1051.32038412,5487.99697234,TI,27446.7585385,1.99169333783,987.84,93.9618421673,216.45,20.588395628,216.45,20.588395628,0.0,0.0,2.61,0.24825924042,213.84,20.3401363875,0.0,0.0,50.04,4.7597288853,31.68,3.01335353889,55299.7185603,11738.5344678,658.6892839,4041.70644041,0.00828545618,0,3.84440985018,0.11165515903,4041.70644041,41031.8310288,16,0.39028855189,0.0,0.0,0.52600253353,27446.7585385,42.4637429577,0.00075333838,0.00083626495,0.03088259344,0.0,0.01471748741,0.2977935164,0.00160276339,0.01602367078,0.0,3.72e-09,0.17135006834,0.2230606048,27446.7585385,10513203.8412,79.411604372,0.00037450759,0.00748766277,0.00197198434,0.00983415471,0.01569835812,CAR,78880,11343,11692,3110,2761,532,183,17.10610932475884,1.613329806929384,349,3.0767874460019393,14.380070993914806,14.822515212981743
0.0,0.0,,,758.655943762,,,,430205505000008P,Erechim,Guarani - Kaingang,Guabiroba,,0.0,0.0,,,,,,,,,,,,0.0,,,,,,,,,,,,,,,,,0.0,0.0,,0.0,758.815279755,4662.45176404,TI,16473.0446056,1.988921564,652.95,86.0486099082,200.16,26.3779611903,200.16,26.3779611903,64.17,8.45660356506,135.9,17.9094970312,0.09,0.01186059406,0.0,0.0,162.9,21.4676752493,17.19,2.26537346554,5771166.75333,5710109.08448,618289.488122,71457.1411113,0.12855643369,0,94.1693491414,75.2503175538,71457.1411113,0.0,0,0.0,0.0,0.0,76.0549622467,16473.0446057,5649830.46009,0.00056634337,0.00377178296,0.03956694179,0.0,0.01464241039,0.27608264554,0.0,0.0,0.0,0.00049530902,0.18042595802,0.23694783178,16473.0446057,7588152.80798,73.6220388097,0.25240047744,0.18341133156,0.03059714139,0.46640895039,0.74453320639,IBGE Setores Censo 2022,22794,6457,8029,3883,2311,1831,259,47.15426216842648,4.011150689174539,1572,24.345671364410716,28.327630078090728,35.22418180222866
0.0,0.0,,,1809.67175085,,,,,,,,RS-4313656-1560F8C3E9BF47E8B2A9A50F6E2DBF4C,90.997,1808.2838,,,,,,,,,,,,0.0,,,,,,,,,,,,,,,,,0.0,0.0,,0.0,1812.02622547,7204.90994816,TI,26892.2302909,2.35619347762,1869.21,103.155791772,65.7,3.62577533793,65.7,3.62577533793,2.97,0.16390491254,14.85,0.81952456268,0.0,0.0,0.0,0.0,230.13,12.7001473138,3.69,0.20363943679,0.0,0.0,0.0,0.0,0.0,0,0.0,0.0,0.0,0.0,0,0.0,0.0,0.0,0.0,28028.3522343,0.0,5.090986e-05,0.00223136407,0.00543866301,0.0,0.02459043694,0.36140334248,0.0,0.0,0.0,0.0,0.07244530325,0.07172415513,28028.3522343,17159483.5702,96.3742246621,0.0,0.0,0.0,0.0,0.0,CAR,58058,19255,20483,3914,2686,1334,106,34.082779764946345,0.5505063619839003,1228,6.377564269021034,33.16511075131765,35.28023700437494
0.0,0.0,,,44.8451506402,,,,,,,,RS-4317509-DD38EF4BAF64467CB3009D3E54D24D34,2.2445,44.8905,,,,,,,,,,,,0.0,,,,,,,,,,,,,,,,,0.0,0.0,,0.0,44.8454499941,3000.0,TI,4073.09232973,1.69131397297,32.94,73.4522677425,18.09,40.3385404815,16.65,37.1275123835,0.0,0.0,16.65,37.1275123835,0.0,0.0,1.44,3.21102809803,12.42,27.6951173455,0.18,0.40137851225,287888.699791,265362.625595,73579.2248493,7598.28764245,0.39486430826,0,169.432744165,59.1726978095,7598.28764245,0.0,0,0.0,0.0,0.0,64.1957434558,4073.09232973,245026.802924,0.00010034463,0.00486591913,0.05569126858,0.00683948985,0.00658133056,0.22373047319,0.0,0.0,0.0,2.1481e-05,0.24659456029,0.33819392784,4073.09232973,448454.499151,59.6614595185,0.19847380934,0.33,0.09397988667,0.622453696,0.99362897245,CAR,1281,238,449,439,228,223,12,50.79726651480638,5.042016806722689,211,88.65546218487394,18.579234972677597,35.050741608118656
0.0,0.0,,,74.8023485501,,,,,,,,RS-4323002-B67C052780B44875B9AF4B3CF01B44B9,7.4682,74.7426,,,,,,,,,,,,0.0,,,,,,,,,,,,,,,,,0.0,0.0,,0.0,74.8761522676,3000.0,TI,5013.67939867,1.86735891838,86.04,114.909750828,0.0,0.0,0.0,0.0,0.0,0.0,0.0,0.0,0.0,0.0,0.0,0.0,6.48,8.65429085731,0.0,0.0,0.0,0.0,0.0,0.0,0.0,0,0.0,0.0,0.0,0.0,0,0.0,223487.02727,29.8856782259,0.0,5027.52706344,0.0,0.0,0.0015205236,0.0,0.0,0.01134973164,0.375,0.0,0.0,0.01734796269,0.0,0.05817717073,0.04989215829,5027.52706344,747806.442873,100.0,0.0,0.0,0.0,0.0,0.0,CAR,3410,1025,1087,73,11,73,11,100.0,1.0731707317073171,62,6.048780487804878,30.058651026392962,31.876832844574782
0.0,0.0,,,58.9241339972,,,,,,,,RS-4304705-37520EBFA6FD43A6A6E427F7312482A0,3.6829,58.9258,,,,,,,,,,,,0.0,,,,,,,,,,,,,,,,,0.0,0.0,,0.0,58.9330889833,3000.0,TI,3457.17427115,1.73785334513,12.06,20.4638857526,54.81,93.0037792784,54.81,93.0037792784,54.81,93.0037792784,0.0,0.0,0.0,0.0,0.0,0.0,2.25,3.81788913294,2.07,3.51245800231,106222.482511,106212.410726,1462.42996149,1704.38997382,0.04846914271,0,28.9207642637,18.0225426086,1704.38997382,0.0,0,0.0,0.0,0.0,18.024251629,3457.17427115,106202.340777,0.0008781145,0.00067078754,0.13950566892,0.0,0.0078419086,0.02623582771,0.0,0.0,0.0,9.31054e-06,0.52730976623,0.76772270329,3457.17427115,589330.889833,6.9962207216,0.06045022143,0.05632826319,0.01153592372,0.12831440835,0.20482955525,CAR,1728,176,172,681,685,31,35,4.552129221732746,19.886363636363637,-4,-2.272727272727273,10.185185185185185,9.953703703703704
0.0,0.0,,,21.2426746369,,,,,,,,RS-4314407-E63B5E875C3F42B2A721DC2359E2E9F1,1.3273,21.2373,,,,,,,,,,,,0.0,,,,,,,,,,,,,,,,,0.0,0.0,,0.0,21.2475354359,3000.0,TI,2579.67610601,1.82871044639,23.85,112.248312619,0.81,3.81220684368,0.81,3.81220684368,0.0,0.0,0.0,0.0,0.81,3.81220684368,0.0,0.0,0.0,0.0,0.81,3.81220684368,0.0,0.0,0.0,0.0,0.0,0,0.0,0.0,0.0,0.0,0,0.0,0.0,0.0,0.0,2579.67610601,0.0,0.00095305171,0.0,0.00571831027,0.0,0.01030288866,0.36070422434,0.0,0.0,0.0,0.0,0.0622700263,0.05615473047,2579.67610601,212475.354359,96.1877931563,0.0,0.0,0.0,0.0,0.0,CAR,1122,345,334,0,11,0,11,0.0,3.1884057971014492,-11,-3.1884057971014492,30.74866310160428,29.76827094474153
0.0,0.0,,,38.4233054684,,,,,,,,RS-4316907-58ACE3613C6644409031A399061C6C19,1.7481,38.4577,,,,,,,,,,,,0.0,,,,,,,,,,,,,,,,,0.0,0.0,,0.0,38.4236861311,3000.0,TI,4365.03060585,2.12560983426,44.28,115.24141606,0.0,0.0,0.0,0.0,0.0,0.0,0.0,0.0,0.0,0.0,0.0,0.0,0.99,2.57653572492,0.0,0.0,0.0,0.0,0.0,0.0,0.0,0,0.0,0.0,0.0,0.0,0,0.0,0.0,0.0,0.0,4365.03060585,0.0,0.0,0.00045268682,0.0,0.0,0.01834478591,0.375,0.0,0.0,0.0,0.0,0.04889209909,0.0356848572,4365.03060585,384236.861311,100.0,0.0,0.0,0.0,0.0,0.0,CAR,2496,559,548,43,54,9,20,20.930232558139537,3.5778175313059033,-11,-1.9677996422182469,22.395833333333336,21.955128205128204
0.0,0.0,,,144.142019781,,,,,,,,RS-4318200-4E06AA7078C34F8F8D3F5C11133C5703,5.7616,144.0395,,,,,,,,,,,,0.0,,,,,,,,,,,,,,,,,0.0,0.0,,0.0,144.361346389,3000.0,TI,5275.2301505,1.98277389932,120.96,83.7897422168,45.27,31.3588097731,45.27,31.3588097731,32.76,22.6930551837,0.0,0.0,12.51,8.66575458938,0.0,0.0,0.0,0.0,44.1,30.5483435165,24384.4002728,8609.3451465,1063.44271936,1792.24974079,0.03197905063,0,12.4150251131,0.59637467797,1792.24974079,0.0,0,0.0,0.0,0.0,1.68912253056,5275.2301505,142.73742132,0.00763708588,0.0,0.04703821466,0.0,0.01447589308,0.25740446335,0.0,0.0,0.0,1.251e-08,0.21774671775,0.29405318228,5275.2301505,1443613.46389,68.6411902269,0.00200032715,0.0241804399,0.00761119071,0.03379195776,0.05394243537,CAR,3621,1990,1551,31,470,10,449,32.25806451612903,22.56281407035176,-439,-22.060301507537687,54.95719414526374,42.833471416735705
0.0,0.0,,,10277.2624367,,,,,,,,RS-4301909-CE80475A561E44D0869357B07AA23873,728.6164,10269.1361,,,,,,,,,,,,0.0,,,,,,,,,,,,,,,,,0.0,0.0,,0.0,10286.4767169,10000.0,TI,72369.3812031,2.31531500595,1792.8,17.4287080926,9958.95,96.8159484932,9958.95,96.8159484932,17.64,0.17148728846,31.32,0.30447743053,9565.02,92.9863573626,0.0,0.0,352.62,3.42799589893,2604.51,25.3197481672,0.0,0.0,0.0,0.0,0.0,0,0.0,0.0,0.0,0.0,0,0.0,6569452.03381,6.43262864841,0.0,72660.9445942,0.0,0.00632993704,0.00060228489,0.14522392274,0.0,0.02348319158,0.01194019315,0.0,0.0,0.00373399596,0.0,0.57222856928,0.83645399416,72660.9445942,102127021.361,3.1840515068,0.0,0.0,0.0,0.0,0.0,CAR,354927,38741,14296,97048,121493,2015,26460,2.076292144093644,68.29973413179835,-24445,-63.0985261092899,10.915202281032437,4.027870519853378
0.0,0.0,,,97.4694189666,,,,,,,,RS-4303004-1B4B5B648E9B48DAAE6392A31B4D0AD1,4.8737,97.474,,,,,,,,,,,,0.0,,,,,,,,,,,,,,,,,0.0,0.0,,0.0,97.4821069925,3000.0,TI,4474.89680497,2.09416274866,35.1,36.0066078616,78.48,80.5070821931,78.48,80.5070821931,0.9,0.92324635542,0.72,0.73859708434,76.86,78.8452387533,0.0,0.0,0.72,0.73859708434,70.83,72.659488172,0.0,0.0,0.0,0.0,0.0,0,0.0,0.0,0.0,0.0,0,0.0,0.0,0.0,0.0,4474.89680497,0.0,0.01816487204,0.00012976849,0.12076062329,0.0,0.01749300163,0.07309844178,0.0,0.0,0.0,0.0,0.48919028669,0.7093952133,4474.89680497,974821.088443,19.4929178069,0.0,0.0,0.0,0.0,0.0,CAR,1560,1322,400,46,968,1,923,2.1739130434782608,69.81845688350984,-922,-69.7428139183056,84.74358974358974,25.64102564102564
0.0,0.0,,,45.518821869,,,,,,,,RS-4305801-925E65AD3A1E434F86F220D23CB60A1E,2.2771,45.5266,,,,,,,,,,,,0.0,,,,,,,,,,,,,,,,,0.0,0.0,,0.0,45.5241386253,3000.0,TI,3545.8529264,1.98377187608,0.45,0.98848657787,48.78,107.151945041,48.78,100.0,26.55,58.3207080941,22.23,48.8312369466,0.0,0.0,0.0,0.0,2.43,5.33782752047,0.0,0.0,4146.47213745,1477.38528576,150.338053019,204.661727136,0.11735558242,0,4.49567490263,0.32452789506,204.661727136,0.0,0,0.0,0.0,0.0,0.91082934673,3545.8529264,1394.44148115,0.0,0.00093783452,0.15,0.0,0.01450292455,0.0,0.0,0.0,0.0,1.2225e-07,0.56956496778,0.83237835642,3545.8529264,455241.385484,0.0,0.00108851362,0.00875611574,0.02793127691,0.03777590627,0.06030205166,CAR,1269,6,55,681,632,51,2,7.488986784140969,33.33333333333333,49,816.6666666666666,0.4728132387706856,4.334121355397951
0.0,0.0,,,251.05656258,,,,,,,,RS-4306056-1ADA71276F5645C4B0BEFB5727DD95FE,15.6821,250.9138,,,,,,,,,,,,0.0,,,,,,,,,,,,,,,,,0.0,0.0,,0.0,251.16791469,3000.0,TI,10858.0059869,1.78562698181,226.8,90.29815782,37.08,14.7630321515,37.08,14.7630321515,10.08,4.01325145867,26.28,10.4631198744,0.0,0.0,0.0,0.0,138.78,55.2538727613,22.68,9.029815782,0.0,0.0,0.0,0.0,0.0,0,0.0,0.0,0.0,0.0,0,0.0,0.0,0.0,0.0,10858.0059869,0.0,0.00225745395,0.00970788002,0.02214454823,0.0,0.00913591826,0.31963862943,0.0,0.0,0.0,0.0,0.11019141098,0.12948034036,10858.0059869,2511679.1469,85.2369678485,0.0,0.0,0.0,0.0,0.0,CAR,8667,1816,2987,1743,572,1227,56,70.39586919104991,3.0837004405286343,1171,64.48237885462555,20.953040267682013,34.464059074650976
0.0,0.0,,L020 - Bacia Hidrográfica do Litoral Médio,257.193978633,,,,,,Guarani,Rio Capivari - Porãi,,0.0,0.0,9500338857115,FAZENDA DA CRIA,Em Estudo,Tradicionalmente ocupada,COORDENACAO REGIONAL LITORAL SUL,CR-LISUL,,CTI,Atingida,,,4304671.0,Capivari do Sul,Lit Médio,Lit Médio,Pampa,,Agropecuária,,P,Formação Pioneira,,,Área Antrópica Dominante,Formação Pioneira,Agropecuária,3Ag - Agropecuária,,0.0,0.0,,0.0,257.544672397,3000.0,TI,13976.9053921,2.34923402766,23.04,8.94602081478,274.59,106.618396507,274.59,100.0,47.16,18.3113863553,227.43,88.3070101522,0.0,0.0,0.0,0.0,0.27,0.10483618142,0.72,0.27956315046,0.0,0.0,0.0,0.0,0.0,0,0.0,0.0,0.0,0.0,0,0.0,0.0,0.0,0.0,13976.9053921,0.0,6.989079e-05,1.841929e-05,0.15,0.0,0.02440193139,0.0,0.0,0.0,0.0,0.0,0.58045340289,0.84903900073,13976.9053921,2575446.72397,0.0,0.0,0.0,0.0,0.0,0.0,CTI (SIGEF),15642,246,252,3439,3433,18,12,0.5234079674323932,4.878048780487805,6,2.4390243902439024,1.5726889144610665,1.611047180667434
0.0,0.0,,G070 - Bacia Hidrográfica do Baixo Jacuí,2792.42100657,,70,,,,Guarani,Guajayvi,,0.0,0.0,8511910047314,FAZENDA SÃO JOSÉ,,,,,22,AEPIM,Atingida,,,4305355.0,Charqueadas,Baixo Jacuí,,Pampa,,Florestamento/Reflorestamento,,E,Estepe,,,Área Antrópica Dominante,Estepe,Florestamento/Reflorestamento,3R - Florestamento/Reflorestamento,,0.0,0.0,,0.0,2794.45998064,10000.0,TI,43475.3068852,2.32113319572,800.28,28.6380912786,2414.97,86.4199171479,2414.97,86.4199171479,1920.42,68.7224012262,443.25,15.8617408398,44.01,1.57490178084,0.0,0.0,132.66,4.74724994879,767.88,27.4786543847,6914910.72205,5249666.66587,2057597.50737,77396.7364495,1.04049697123,0,27.6964912584,18.7859790465,77396.7364495,0.0,0,0.0,21599846.2851,77.295242831,24.7450697732,43475.3068852,4112114.68386,0.0068696636,0.00083407245,0.12962987572,0.0,0.02364078465,0.0509253107,0.0,0.0,0.04486814649,0.00036050064,0.55888858667,0.81604218079,43475.3068852,27944599.815,13.5800828521,0.06301089796,0.05394377669,0.24764402704,0.36459870169,0.58201250252,AEPIM (SIGEF),84010,28521,8315,9199,29405,480,20686,5.217958473747147,72.52901370919673,-20206,-70.84604326636513,33.949529817878826,9.89763123437686
0.0,0.0,,G080 - Bacia Hidrográfica do Lago Guaíba,96.54929952,,39,,,,Guarani,Nhu'u Poty - Flor do Campo,,0.0,0.0,8510270069638,CAPÃO DO CABRITO,,,,,13,AEPIM,Atingida,,,4301909.0,Barra do Ribeiro,Guaíba,,Pampa,,Agropecuária,,E,Estepe,,,Área Antrópica Dominante,Estepe,Agropecuária,3Ag - Agropecuária,,0.0,0.0,,0.0,96.623759874,3000.0,TI,4016.71824372,1.44833735286,52.83,54.6759928085,0.99,1.02459271021,0.99,1.02459271021,0.0,0.0,0.63,0.65201354286,0.0,0.0,0.0,0.0,60.21,62.3138657391,0.54,0.55886875102,0.0,0.0,0.0,0.0,0.0,0,0.0,0.0,0.0,0.0,0,0.0,0.0,0.0,0.0,4016.71824372,0.0,0.00013971719,0.01094829199,0.00153688907,0.0,0.0,0.37115777734,0.0,0.0,0.0,0.0,0.02557053693,0.0,4016.71824372,966237.59874,98.9754072898,0.0,0.0,0.0,0.0,0.0,AEPIM (SIGEF),1974,676,641,677,712,12,47,1.7725258493353029,6.952662721893491,-35,-5.177514792899409,34.2451874366768,32.47213779128673
0.0,0.0,,,110.228965127,,,,,,,,,0.0,0.0,,,,,,,,DNIT,,,,0.0,,,,,,,,,,,,,,,,,0.0,0.0,,0.0,110.289515438,3000.0,TI,4994.25401805,1.62798202998,80.64,73.1166509162,47.88,43.4130114815,47.88,43.4130114815,3.6,3.26413620162,30.51,27.6635543087,13.77,12.4853209712,0.0,0.0,12.96,11.7508903258,24.84,22.5225397912,0.0,0.0,0.0,0.0,0.0,0,0.0,0.0,0.0,0.0,0,0.0,0.0,0.0,0.0,4994.25401805,0.0,0.00563063495,0.00206458349,0.06511951722,0.0,0.00486590439,0.21220120694,0.0,0.0,0.0,0.0,0.26735026613,0.36995270942,4994.25401805,1102895.15438,56.5869885185,0.0,0.0,0.0,0.0,0.0,DNIT,2059,1382,950,175,607,43,475,24.571428571428573,34.37047756874095,-432,-31.25904486251809,67.11996114618746,46.138902379796015
0.0,0.0,,,99.7255225712,,,,,,,,,0.0,0.0,,,,,,,,DNIT,,,,0.0,,,,,,,,,,,,,,,,,0.0,0.0,,0.0,99.7825247789,3000.0,TI,4096.99721874,1.57383991514,110.16,110.400092846,6.21,6.22353464573,6.21,6.22353464573,0.0,0.0,5.58,5.59216156573,0.63,0.63137308,0.0,0.0,0.18,0.18039230857,6.21,6.22353464573,0.0,0.0,0.0,0.0,0.0,0,0.0,0.0,0.0,0.0,0,0.0,0.0,0.0,0.0,4096.99721874,0.0,0.00155588366,3.169419e-05,0.00933530197,0.0,0.0033993964,0.35166174508,0.0,0.0,0.0,0.0,0.06859714276,0.06583599649,4096.99721874,997825.247789,93.7764653543,0.0,0.0,0.0,0.0,0.0,DNIT,2500,1403,1375,7,35,7,35,100.0,2.4946543121881684,-28,-1.9957234497505347,56.120000000000005,55.00000000000001
0.0,0.0,,,73.8531212947,,,,,,,,,0.0,0.0,,,,,,,,DNIT,,,,0.0,,,,,,,,,,,,,,,,,0.0,0.0,,0.0,73.9073157653,3000.0,TI,5965.7176572,1.88775796205,68.67,92.913670709,16.38,22.1628939306,16.38,22.1628939306,8.1,10.9596728228,7.29,9.86370554053,0.0,0.0,0.0,0.0,13.77,18.6314437988,5.4,7.30644854854,0.0,0.0,0.0,0.0,0.0,0,0.0,0.0,0.0,0.0,0,0.0,8574.37852346,1.16015201976,0.0,5965.7125586,0.0,0.00182661214,0.00327346866,0.0332443409,0.0,0.01190226566,0.29188914776,0.0,0.0,0.0006734421,0.0,0.15848404437,0.20337400642,5965.7125586,739073.705637,77.8371060694,0.0,0.0,0.0,0.0,0.0,DNIT,1984,877,898,223,202,128,107,57.399103139013455,12.200684150513112,21,2.394526795895097,44.203629032258064,45.26209677419355
0.0,0.0,,,128.804949235,,,,,,,,,0.0,0.0,,,,,,,,DNIT,,,,0.0,,,,,,,,,,,,,,,,,0.0,0.0,,0.0,128.828473984,3000.0,TI,6016.80531318,1.61930193139,98.28,76.2874828527,52.56,40.7984340531,52.56,40.7984340531,0.0,0.0,1.89,1.46706697794,50.67,39.3313670752,0.0,0.0,36.9,28.6427362359,32.85,25.4990212832,0.0,0.0,0.0,0.0,0.0,0,0.0,0.0,0.0,0.0,0,0.0,0.0,0.0,0.0,6016.80531318,0.0,0.00637475532,0.0050324119,0.06119765108,0.0,0.00463079289,0.2220058723,0.0,0.0,0.0,0.0,0.25116491509,0.34518713255,6016.80531318,1288284.73984,59.2015659469,0.0,0.0,0.0,0.0,0.0,DNIT,4026,1336,1224,499,611,328,440,65.7314629258517,32.93413173652694,-112,-8.383233532934131,33.18430203676105,30.402384500745157
0.0,0.0,,G060 - Bacia Hidrográfica dos Rios Vacacaí - Vacacaí Mirim,88.8581560007,,28,,,,Guarani,Guaviraty,,0.0,0.0,9500335198552,SANTA MARIA  GLEBAS SUL,,,,,10,AEPIM,Atingida,,,4316907.0,Santa Maria,Rios Vacacaí - Vacacaí Mirim,,Pampa,,Agropecuária,Contato Estepe/Floresta Estacional,EN,Contato Estepe/Floresta Estacional,Vegetação Secundária sem palmeiras,,Área Antrópica Dominante em Tensão Ecológica,Contato (Ecótono e Encrave),Agropecuária,4Ag - Agropecuária,,0.0,0.0,,0.0,88.8582895324,3000.0,TI,5932.45945523,1.97587522993,92.79,104.424697446,9.18,10.3310563914,8.55,9.6220623253,0.0,0.0,4.14,4.65910386278,4.41,4.96295846252,0.63,0.70899406607,22.95,25.8276409784,6.93,7.79893472682,0.0,0.0,0.0,0.0,0.0,0,0.0,0.0,0.0,0.0,0,0.0,0.0,0.0,0.0,5932.45945523,0.0,0.00194973368,0.00453781115,0.01443309349,0.00151015736,0.01428903385,0.33625853853,0.0,0.0,0.0,0.0,0.0973856687,0.10988598037,5932.45945523,888582.895324,89.6689436086,0.0,0.0,0.0,0.0,0.0,AEPIM (SIGEF),2750,1046,1215,254,85,246,77,96.8503937007874,7.361376673040152,169,16.156787762906312,38.03636363636363,44.18181818181818
0.0,0.0,,,103.274652264,,,,,,,,,0.0,0.0,,,,,,,,DNIT,,,,0.0,,,,,,,,,,,,,,,,,0.0,0.0,,0.0,103.348207644,3000.0,TI,7621.39821975,1.75912197354,89.82,86.9100703801,28.53,27.6057037179,28.53,27.6057037179,0.45,0.43542119429,21.51,20.813133087,6.57,6.35714943662,0.0,0.0,26.1,25.2544292688,26.46,25.6027662242,0.0,0.0,0.0,0.0,0.0,0,0.0,0.0,0.0,0.0,0,0.0,0.0,0.0,0.0,7621.39821975,0.0,0.00640069156,0.00443710019,0.04140855558,0.0,0.00841799643,0.27147861106,0.0,0.0,0.0,0.0,0.18631153231,0.245953484,7621.39821975,1033482.07201,72.3942962821,0.0,0.0,0.0,0.0,0.0,DNIT,4750,1235,1299,266,202,208,144,78.19548872180451,11.65991902834008,64,5.182186234817814,26.0,27.347368421052632
0.0,0.0,,,153.152409075,,,,,,,,,0.0,0.0,,,,,,,,DNIT,,,,0.0,,,,,,,,,,,,,,,,,0.0,0.0,,0.0,153.266158584,3000.0,TI,7354.31642527,1.91023108635,128.79,84.0302916116,49.05,32.0031508933,49.05,32.0031508933,0.81,0.52849240007,46.44,30.3002309375,1.8,1.17442755572,0.0,0.0,17.28,11.2745045349,17.28,11.2745045349,0.0,0.0,0.0,0.0,0.0,0,0.0,0.0,0.0,0.0,0,0.0,80685.5445,5.26440704492,0.0,7354.31642527,0.0,0.00281862613,0.00198088445,0.04800472634,0.0,0.0125109788,0.25498818415,0.0,0.0,0.00305586965,0.0,0.21542113232,0.29049475066,7354.31642527,1532661.58584,67.9968491067,0.0,0.0,0.0,0.0,0.0,DNIT,4717,1652,1959,535,228,520,213,97.19626168224299,12.893462469733658,307,18.583535108958838,35.02225991096036,41.53063387746449
0.0,0.0,,,103.257331965,,,,,,,,,0.0,0.0,,,,,,,,DNIT,,,,0.0,,,,,,,,,,,,,,,,,0.0,0.0,,0.0,103.32981188,3000.0,TI,5538.85147322,1.84060243086,103.77,100.426003021,15.48,14.9811556978,15.48,14.9811556978,0.63,0.609698197,14.85,14.3714575008,0.0,0.0,0.0,0.0,7.56,7.31637836405,13.95,13.5004600765,0.0,0.0,0.0,0.0,0.0,0,0.0,0.0,0.0,0.0,0,0.0,8721.40083166,0.84403529395,0.0,5538.85147322,0.0,0.00337511502,0.00128545783,0.02247173355,0.0,0.01062499817,0.31882066613,0.0,0.0,0.00048994347,0.0,0.12285566624,0.14885820781,5538.85147322,1033298.12085,85.0188443022,0.0,0.0,0.0,0.0,0.0,DNIT,3700,1419,1311,68,176,42,150,61.76470588235294,10.570824524312897,-108,-7.6109936575052854,38.351351351351354,35.43243243243243
0.0,0.0,,,210.353406901,,,,,,,,,0.0,0.0,,,,,,,,DNIT,,,,0.0,,,,,,,,,,,,,,,,,0.0,0.0,,0.0,210.509624411,3000.0,TI,6067.8200345,1.77793830447,159.48,75.7590064807,83.16,39.5041320475,83.16,39.5041320475,42.12,20.0085863617,38.61,18.3412041649,2.43,1.15434152087,0.0,0.0,16.38,7.78111691845,49.5,23.514364314,0.0,0.0,0.0,0.0,0.0,0,0.0,0.0,0.0,0.0,0,0.0,0.0,0.0,0.0,6067.8200345,0.0,0.00587859108,0.0013671105,0.05925619807,0.0,0.00892766067,0.22685950482,0.0,0.0,0.0,0.0,0.2518358345,0.34621372172,6067.8200345,2105096.24411,60.4958679525,0.0,0.0,0.0,0.0,0.0,DNIT,4599,2392,2054,515,853,202,540,39.22330097087379,22.5752508361204,-338,-14.130434782608695,52.01130680582735,44.6618830180474
0.0,0.0,,,2276.08743208,,,,,,,,,0.0,0.0,,,,,,,,BASE TODAS TEKOA,,,,0.0,,,,,,,,,,,,,,,,,0.0,0.0,Nhuu Porã,0.0,2279.69837018,10000.0,TI,40509.6574831,1.82590611443,2570.49,112.755706352,52.38,2.29767238882,52.38,2.29767238882,0.0,0.0,11.43,0.50138211921,40.95,1.79629026961,0.0,0.0,8.19,0.35925805392,49.77,2.18318355845,15433.7157965,5462.43250118,94.2827790363,1662.64606959,0.00096662395,0,0.72932721866,0.02396120724,1662.64606959,1069.2774153,1,0.00469043375,0.0,0.0,0.06770069242,40509.6574832,1.90041443699,0.00054579589,6.312017e-05,0.00344650858,0.0,0.01022692976,0.36638372854,0.00010017271,0.00019257026,0.0,1.7e-10,0.05406512832,0.04360022787,40509.6574832,22796983.6727,97.7023276112,8.036936e-05,0.00142049274,0.00023006184,0.00173092394,0.00276309095,BASE TODAS TEKOA,110205,30493,29792,357,1058,112,813,31.372549019607842,2.666185681959794,-701,-2.2988882694388875,27.669343496211606,27.033256204346443
0.0,0.0,,,5.57424334915,,,,,,,,,0.0,0.0,,,,,,,,BASE TODAS TEKOA,,,,0.0,,,,,,,,,,,,,,,,,0.0,0.0,Nhuundy,0.0,5.58092923126,3000.0,TI,1120.07164919,2.093333354,6.75,120.947600665,0.0,0.0,0.0,0.0,0.0,0.0,0.0,0.0,0.0,0.0,0.0,0.0,5.4,96.7580805317,0.0,0.0,0.0,0.0,0.0,0.0,0.0,0,0.0,0.0,0.0,0.0,0,0.0,0.0,0.0,0.0,1120.07164919,0.0,0.0,0.017,0.0,0.0,0.01747053642,0.375,0.0,0.0,0.0,0.0,0.03147053642,0.00902772455,1120.07164919,55809.2923126,100.0,0.0,0.0,0.0,0.0,0.0,BASE TODAS TEKOA,180,90,95,11,6,8,3,72.72727272727273,3.3333333333333335,5,5.555555555555555,50.0,52.77777777777778
0.0,0.0,,,43.3339788059,,,,,,,,,0.0,0.0,,,,,,,,BASE TODAS TEKOA,,,,0.0,,,,,,,,,,,,,,,,,0.0,0.0,Yriapu,0.0,43.3995830239,3000.0,TI,3451.71235594,2.4113824791,40.14,92.4893678769,8.46,19.493274844,8.46,19.493274844,0.0,0.0,0.0,0.0,7.02,16.1752706152,0.0,0.0,5.04,11.6130148007,7.38,17.0047716724,0.0,0.0,0.0,0.0,0.0,0,0.0,0.0,0.0,0.0,0,0.0,0.0,0.0,0.0,3451.71235594,0.0,0.00425119292,0.00204035932,0.02923991227,0.0,0.02608530118,0.30190021933,0.0,0.0,0.0,0.0,0.16163582771,0.2081966224,3451.71235594,433995.834895,80.506725156,0.0,0.0,0.0,0.0,0.0,BASE TODAS TEKOA,1806,412,309,246,349,65,168,26.422764227642276,40.77669902912621,-103,-25.0,22.812846068660022,17.109634551495017
0.0,0.0,,Inhacapetum,231.05674776,Ko'eju,145,Desapropriada,,,,,,0.0,0.0,,,,,,,,,,,,0.0,,,,,,,,,,,,,,,,,0.0,0.0,,0.0,231.069122946,3000.0,TI,9796.61976998,1.95332485342,224.1,96.9839661582,40.95,17.7219697197,40.95,17.7219697197,9.9,4.28443223992,28.53,12.3469547278,0.0,0.0,0.0,0.0,8.82,3.81703963193,39.87,17.2545771117,0.0,0.0,0.0,0.0,0.0,0,0.0,0.0,0.0,0.0,0,0.0,0.0,0.0,0.0,9796.61976998,0.0,0.00431364428,0.00067063829,0.02658295458,0.0,0.01367822824,0.30854261355,0.0,0.0,0.0,0.0,0.14136157526,0.17717452368,9796.61976998,2310691.22946,82.2780302803,0.0,0.0,0.0,0.0,0.0,,7314,3146,3010,98,234,97,233,98.9795918367347,7.406230133502861,-136,-4.322949777495232,43.01339896089691,41.153951326223684
0.0,0.0,,,23.8643366053,,,,,,,,,0.0,0.0,,,,,,,,BASE TODAS TEKOA,,,,0.0,,,,,,,,,,,,,,,,,0.0,0.0,Anhetengua,0.0,23.8874276641,3000.0,TI,3923.12965492,1.60467214467,26.37,110.392798969,0.63,2.63737062382,0.63,2.63737062382,0.0,0.0,0.0,0.0,0.0,0.0,0.0,0.0,0.0,0.0,0.63,2.63737062382,0.0,0.0,0.0,0.0,0.0,0,0.0,0.0,0.0,0.0,0,0.0,0.0,0.0,0.0,3923.12965492,0.0,0.00065934266,0.0,0.00395605594,0.0,0.00423452652,0.36510986016,0.0,0.0,0.0,0.0,0.04974006495,0.03698234921,3923.12965492,238874.276641,97.3626293762,0.0,0.0,0.0,0.0,0.0,BASE TODAS TEKOA,1380,406,387,0,19,0,19,0.0,4.679802955665025,-19,-4.679802955665025,29.42028985507246,28.043478260869563
0.0,0.0,,,93.3306302594,,,,,,Guarani Mbya,,,0.0,0.0,,,Regularizada,Reserva Indígena,COORDENACAO REGIONAL LITORAL SUL,CR-LIS,,FUNAI,,,COORDENACAO REGIONAL LITORAL SUL,0.0,,,,,,,,,,,,,,,,,0.0,0.0,,0.0,93.522375536,3000.0,TI,5827.53510916,2.37443462149,27.0,28.8700964291,80.46,86.0328873586,80.37,85.9366537039,0.09,0.09623365476,68.67,73.4262785846,11.61,12.4141414645,0.09,0.09623365476,26.46,28.2926945005,6.3,6.73635583345,233029.09699,165368.034703,73218.8113814,9427.80929236,1.37393634659,0,100.808057973,17.6821888439,9427.80929236,0.0,0,0.0,0.0,0.0,24.9169345605,5827.53512013,119958.480705,0.00168408896,0.004970911,0.12890498056,0.00020497768,0.0250845215,0.0523766724,0.0,0.0,0.0,1.051651e-05,0.50452046879,0.73285227656,5827.53512013,935223.77893,13.9671126413,0.05930862555,0.19634138192,0.32700444036,0.58265444782,0.93009704015,FUNAI,3584,45,375,1328,998,370,40,27.86144578313253,88.88888888888889,330,733.3333333333333,1.2555803571428572,10.463169642857142
0.0,0.0,,,283.885757423,,,,,,Guarani Mbya,,,0.0,0.0,,,Regularizada,Tradicionalmente ocupada,COORDENACAO REGIONAL LITORAL SUL,CR-LIS,,FUNAI,,,COORDENACAO REGIONAL LITORAL SUL,0.0,,,,,,,,,,,,,,,,,0.0,0.0,,0.0,284.1736,3000.0,TI,8863.33764284,1.56553671522,294.3,103.563455578,34.92,12.2882632306,34.92,12.2882632306,0.0,0.0,0.0,0.0,34.92,12.2882632306,0.0,0.0,13.05,4.59226332073,34.92,12.2882632306,0.0,0.0,0.0,0.0,0.0,0,0.0,0.0,0.0,0.0,0,0.0,0.0,0.0,0.0,8863.33764284,0.0,0.00307206581,0.00080684193,0.01843239485,0.0,0.00317449368,0.32891901288,0.0,0.0,0.0,0.0,0.10095309952,0.11534458809,8863.33764284,2841735.99728,87.7117367694,0.0,0.0,0.0,0.0,0.0,FUNAI,7200,3884,3534,59,409,58,408,98.30508474576271,10.50463439752832,-350,-9.011328527291452,53.94444444444444,49.083333333333336
0.0,0.0,,,43.3542502084,,,,,,Guarani Mbya,,,0.0,0.0,,,Regularizada,Tradicionalmente ocupada,COORDENACAO REGIONAL LITORAL SUL,CR-LIS,,FUNAI,,,COORDENACAO REGIONAL LITORAL SUL,0.0,,,,,,,,,,,,,,,,,0.0,0.0,,0.0,43.4199,3000.0,TI,3470.73783749,2.38825282641,37.26,85.813187041,6.93,15.9604236767,6.93,15.9604236767,0.0,0.0,0.0,0.0,5.49,12.6439720036,0.0,0.0,8.1,18.6550406611,6.3,14.5094760697,0.0,0.0,0.0,0.0,0.0,0,0.0,0.0,0.0,0.0,0,0.0,0.0,0.0,0.0,3470.73783749,0.0,0.00362736902,0.00327761454,0.02394063552,0.0,0.02545880515,0.31514841121,0.0,0.0,0.0,0.0,0.14060078393,0.17601041942,3470.73783749,434199.002305,84.0395763233,0.0,0.0,0.0,0.0,0.0,FUNAI,1763,379,288,277,368,60,151,21.660649819494584,39.84168865435356,-91,-24.010554089709764,21.49744753261486,16.335791264889394
0.0,0.0,,,600.657104066,,,,,,Kaingang,,,0.0,0.0,,,Regularizada,Tradicionalmente ocupada,COORDENACAO REGIONAL DE PASSO FUNDO,CR-PFD,,FUNAI,,,COORDENACAO REGIONAL DE PASSO FUNDO,0.0,,,,,,,,,,,,,,,,,0.0,0.0,,0.0,600.938917532,4149.17243929,TI,10619.3532608,1.9402392547,156.33,26.0142912098,526.32,87.5829447295,526.32,87.5829447295,427.5,71.1386777471,91.71,15.2611184472,7.11,1.18314853516,0.0,0.0,22.95,3.81902375274,149.4,24.8610958021,1374229.05829,760879.778522,344991.209614,38547.1704545,1.20179644582,0,64.144906146,12.6615161129,38547.1704545,0.0,0,0.0,0.0,0.0,22.8680323168,10619.3532608,458343.450327,0.00621527395,0.00067098689,0.13137441709,0.0,0.01332378817,0.04656395726,0.0,0.0,0.0,4.018203e-05,0.50963835303,0.74068326863,10619.3532608,6009389.17375,12.4170552705,0.04246856114,0.12493346037,0.28603419304,0.45343621455,0.72382470026,FUNAI,12636,3307,1917,4820,6210,239,1629,4.95850622406639,49.25914726338071,-1390,-42.03205322044149,26.17125672681228,15.17094017094017
0.0,0.0,,,44.7209245697,,,,,,Guarani Mbya,,,0.0,0.0,,,Regularizada,Reserva Indígena,COORDENACAO REGIONAL LITORAL SUL,CR-LIS,,FUNAI,,,COORDENACAO REGIONAL LITORAL SUL,0.0,,,,,,,,,,,,,,,,,0.0,0.0,,0.0,44.7972169891,3000.0,TI,4411.08978178,2.40798618955,42.57,95.0282246559,9.27,20.6932497665,9.27,20.6932497665,0.0,0.0,9.27,20.6932497665,0.0,0.0,0.0,0.0,5.22,11.6525095773,8.82,19.6887230788,0.0,0.0,0.0,0.0,0.0,0,0.0,0.0,0.0,0.0,0,0.0,0.0,0.0,0.0,4411.08978178,0.0,0.00492218077,0.00204729839,0.03103987465,0.0,0.02599330837,0.29740031338,0.0,0.0,0.0,0.0,0.16850775202,0.2187115114,4411.08978178,447972.169891,79.3067502335,0.0,0.0,0.0,0.0,0.0,FUNAI,2100,213,371,479,321,163,5,34.029227557411275,2.3474178403755865,158,74.17840375586854,10.142857142857142,17.666666666666668
0.0,0.0,,,2299.47877008,,,,,,Guaraní,,,0.0,0.0,,,Regularizada,Tradicionalmente ocupada,COORDENACAO REGIONAL LITORAL SUL,CR-LIS,,FUNAI,,,COORDENACAO REGIONAL LITORAL SUL,0.0,,,,,,,,,,,,,,,,,0.0,0.0,,0.0,2303.12592656,10000.0,TI,40582.673352,1.82753625095,2597.58,112.784974979,55.44,2.40716321069,55.44,2.40716321069,0.0,0.0,11.43,0.49628202558,44.01,1.91088118511,0.0,0.0,8.01,0.34778819115,52.83,2.29383896863,14726.5484932,5462.43250118,92.5776049429,1617.36371067,0.00090786032,0,0.70224719228,0.02371747222,1617.36371067,1069.2774153,1,0.00464272234,0.0,0.0,0.06394156901,40582.673352,1.80031102591,0.00057345974,6.110497e-05,0.00361074482,0.0,0.01027108408,0.36597313796,0.00010017271,0.00019061142,0.0,1.6e-10,0.05471182968,0.04458976046,40582.673352,23031259.1984,97.5928367893,7.955184e-05,0.00136774963,0.00021607577,0.00166337725,0.0026552655,FUNAI,110600,30774,30041,360,1093,118,851,32.77777777777778,2.7653213751868457,-733,-2.381880808474686,27.824593128390596,27.161844484629295
0.0,0.0,,,224.003450373,,,,,,Guaraní,,,0.0,0.0,,,Declarada,Tradicionalmente ocupada,COORDENACAO REGIONAL LITORAL SUL,CR-LIS,,FUNAI,,,COORDENACAO REGIONAL LITORAL SUL,0.0,,,,,,,,,,,,,,,,,0.0,0.0,,0.0,224.02,3000.0,TI,8179.36957701,2.00582900784,194.94,87.0190161593,64.62,28.8456387823,64.62,28.8456387823,41.76,18.6411927506,22.86,10.2044460316,0.0,0.0,0.0,0.0,1.62,0.72314971878,55.71,24.868315329,0.0,0.0,0.0,0.0,0.0,0,0.0,0.0,0.0,0.0,0,0.0,14467.8390614,0.64582800917,0.0,8179.36957701,0.0,0.00621707883,0.00012705446,0.04326845817,0.0,0.01510036999,0.26682885457,0.0,0.0,0.0003748886,0.0,0.20400488658,0.27302649121,8179.36957701,2240200.0,71.1543612177,0.0,0.0,0.0,0.0,0.0,FUNAI,7276,2997,2411,136,722,5,591,3.6764705882352944,19.71971971971972,-586,-19.552886219552885,41.19021440351842,33.136338647608575
0.0,0.0,,,748.403300075,,,,,,Guaraní,,,0.0,0.0,,,Regularizada,Tradicionalmente ocupada,COORDENACAO REGIONAL DE PASSO FUNDO,CR-PFD,,FUNAI,,,COORDENACAO REGIONAL DE PASSO FUNDO,0.0,,,,,,,,,,,,,,,,,0.0,0.0,,0.0,748.560602788,4630.84028691,TI,17722.3482759,1.98874626041,641.16,85.6523837365,203.67,27.2082179107,203.67,27.2082179107,65.52,8.75279833803,138.15,18.4554195726,0.0,0.0,0.0,0.0,159.39,21.2928651877,17.1,2.28438418163,5670597.97854,5607866.72499,620742.144671,70322.3809002,0.12702238945,0,93.943470603,74.9153336507,70322.3809002,0.0,0,0.0,0.0,0.0,75.7533587003,17722.3483795,5545968.5349,0.00057109605,0.00374106954,0.04081232687,0.0,0.01463766207,0.27296918283,0.0,0.0,0.0,0.00048620366,0.18482462894,0.24367833905,17722.3483795,7485606.0191,72.7917820893,0.25127689285,0.18297139347,0.03023203038,0.4644803167,0.74145450942,FUNAI,22925,6364,7928,3882,2318,1801,237,46.39361154044307,3.724072910119422,1564,24.5757385292269,27.760087241003273,34.582333696837516
0.0,0.0,,,218.721073979,,,,,,Guaraní,,,0.0,0.0,,,Declarada,Tradicionalmente ocupada,COORDENACAO REGIONAL LITORAL SUL,CR-LIS,,FUNAI,,,COORDENACAO REGIONAL LITORAL SUL,0.0,,,,,,,,,,,,,,,,,0.0,0.0,,0.0,218.86105,3000.0,TI,9309.44540856,2.32696290094,179.82,82.1617185881,75.42,34.4602203087,75.42,34.4602203087,45.0,20.5609906377,30.42,13.8992296711,0.0,0.0,0.0,0.0,45.99,21.0133324317,13.14,6.0038092662,0.0,0.0,0.0,0.0,0.0,0,0.0,0.0,0.0,0.0,0,0.0,0.0,0.0,0.0,9309.44540856,0.0,0.00150095232,0.00369195678,0.05169033046,0.0,0.02379868962,0.24577417384,0.0,0.0,0.0,0.0,0.23352384178,0.31819412164,9309.44540856,2188610.5,65.5397796913,0.0,0.0,0.0,0.0,0.0,FUNAI,9976,1577,2134,1522,965,709,152,46.583442838370566,9.63855421686747,557,35.32022828154724,15.807939053728951,21.391339214113874
0.0,0.0,,,2832.89332906,,,,,,Kaingang,,,0.0,0.0,,,Regularizada,Tradicionalmente ocupada,COORDENACAO REGIONAL DE PASSO FUNDO,CR-PFD,,FUNAI,,,COORDENACAO REGIONAL DE PASSO FUNDO,0.0,,,,,,,,,,,,,,,,,0.0,0.0,,0.0,2832.89736518,10000.0,TI,25422.8268686,1.46180134642,1922.67,67.8693843142,1291.95,45.6052526251,1280.07,45.1858939803,455.67,16.0849455967,824.4,29.1009483836,0.0,0.0,11.88,0.41935864483,303.03,10.6968224026,81.54,2.87832524405,16922558.4499,11188974.641,3594245.55312,159858.368832,1.34594260626,0,56.4292836009,39.4965761153,159858.368832,0.0,0,0.0,0.0,0.0,59.7358685065,25422.8268686,8740992.28722,0.00071958131,0.00187938806,0.06777884097,0.00089323391,0.00036468938,0.20398030266,0.0,0.0,0.0,0.00076630483,0.26913035003,0.37267645664,25422.8268686,28328973.6518,54.3947473749,0.13247724386,0.10990593158,0.32034177552,0.56272495096,0.89828338779,FUNAI,76050,20434,23419,17359,14374,3694,709,21.280027651362406,3.469707350494274,2985,14.608006264069687,26.869165023011178,30.794214332675875
0.0,0.0,,,776.784698126,,,,,,Guarani Mbya,,,0.0,0.0,,,Regularizada,Tradicionalmente ocupada,COORDENACAO REGIONAL LITORAL SUL,CR-LIS,,FUNAI,,,COORDENACAO REGIONAL LITORAL SUL,0.0,,,,,,,,,,,,,,,,,0.0,0.0,,0.0,778.052668575,4721.18280026,TI,15296.1055897,1.99653664978,882.45,113.417771784,12.78,1.64256232466,12.78,1.64256232466,0.0,0.0,1.08,0.13880808377,11.7,1.50375424088,0.0,0.0,2.7,0.34702020944,12.6,1.61942764403,3901.34121025,2340.98061723,57.0591806682,388.141717322,0.00070923293,0,0.49886303517,0.03008768818,388.141717322,3483.44314712,2,0.04477130243,0.0,0.0,0.0501423792,15296.1055897,1.0336605414,0.00040485691,6.097004e-05,0.00246384349,0.0,0.01484867467,0.36884039128,0.00020034542,0.00183812876,0.0,9e-11,0.05685448784,0.04786829085,15296.1055897,7780526.71696,98.3574376753,0.00010091847,0.0009716233,0.00016880135,0.00124134312,0.00198156826,FUNAI,22880,10469,10302,112,279,73,240,65.17857142857143,2.2924825675804756,-167,-1.5951857866080812,45.75611888111888,45.02622377622378
0.0,0.0,,,751.433157372,,,,,,Kaingang,,,0.0,0.0,,,Regularizada,Tradicionalmente ocupada,COORDENACAO REGIONAL DE PASSO FUNDO,CR-PFD,,FUNAI,,,COORDENACAO REGIONAL DE PASSO FUNDO,0.0,,,,,,,,,,,,,,,,,0.0,0.0,,0.0,751.700028506,4640.54086723,TI,13119.5477082,1.70369826306,218.43,29.0581337923,633.33,84.2530232783,633.33,84.2530232783,609.21,81.0442965142,21.33,2.83756807119,0.0,0.0,0.0,0.0,52.29,6.95623227578,46.35,6.16602344583,1928436.75725,397205.224799,131980.547227,50967.0982048,1.14008944517,0,67.8024428271,5.28409218764,50967.0982048,0.0,0,0.0,0.0,0.0,25.6543392865,13119.5477082,254697.327197,0.00154150586,0.00122218163,0.12637953492,0.0,0.00691677479,0.05905116271,0.0,0.0,0.0,2.232879e-05,0.48054214244,0.69616248942,13119.5477082,7517000.28489,15.7469767217,0.01772361147,0.13205715485,0.27134758601,0.42112835232,0.67225134122,FUNAI,16100,2753,2683,7416,7486,483,553,6.5129449838187705,20.087177624409737,-70,-2.5426807119505996,17.09937888198758,16.664596273291927
0.0,0.0,,,279.910223002,,,,,,Kaingang,,,0.0,0.0,,,Regularizada,Tradicionalmente ocupada,COORDENACAO REGIONAL DE PASSO FUNDO,CR-PFD,,FUNAI,,,COORDENACAO REGIONAL DE PASSO FUNDO,0.0,,,,,,,,,,,,,,,,,0.0,0.0,,0.0,279.929752831,3000.0,TI,9304.90663357,1.78832193484,213.84,76.3905936534,101.88,36.3948451244,101.88,36.3948451244,0.0,0.0,101.07,36.1054868151,0.0,0.0,0.0,0.0,12.69,4.53328017892,5.04,1.80045170227,1889617.15653,1864618.15278,232142.850831,27740.6158634,0.72106898439,0,99.0984901848,66.6102168105,27740.6158634,0.0,0,0.0,0.0,0.0,67.5032624227,9304.90663357,1840080.68676,0.00045011293,0.00079647883,0.05459226769,0.0,0.00920891449,0.23851933078,0.0,0.0,0.0,0.00016131609,0.2307741694,0.31398678485,9304.90663357,2799297.52831,63.6051548756,0.22342032661,0.19301169867,0.1716184016,0.58805042688,0.93871069472,FUNAI,6636,2515,2745,1380,1150,271,41,19.63768115942029,1.6302186878727636,230,9.145129224652088,37.899336949969864,41.365280289330926
0.0,0.0,,,3569.6467105,,,,,,Kaingang,,,0.0,0.0,,,Delimitada,Tradicionalmente ocupada,COORDENACAO REGIONAL DE PASSO FUNDO,CR-PFD,,FUNAI,,,COORDENACAO REGIONAL DE PASSO FUNDO,0.0,,,,,,,,,,,,,,,,,0.0,0.0,,0.0,3571.0627762,10000.0,TI,36859.2865945,1.86304749165,1044.81,29.2576766492,3006.99,84.2043444333,3001.05,84.0380073966,1423.17,39.8528418342,191.97,5.3757105946,1383.93,38.7540092889,5.94,0.16633703668,140.76,3.94168371775,611.1,17.1125527132,9163924.28421,2507674.40736,1036304.6009,261107.80051,1.32257190705,0,73.1176730496,7.0222075738,261107.80051,0.0,0,0.0,0.0,0.0,25.6616163269,36859.2865945,855996.440275,0.00427813818,0.00069253775,0.1260570111,0.00035429789,0.01123295117,0.05923370838,0.0,0.0,0.0,7.504345e-05,0.48792110876,0.70745321503,36859.2865945,35710627.762,15.7956555667,0.02355350252,0.14240949838,0.31477942,0.48074242091,0.76741386671,FUNAI,85918,16904,12089,30850,35665,1364,6179,4.421393841166936,36.55347846663511,-4815,-28.48438239469948,19.674573430480223,14.070392700016296
0.0,0.0,,,1099.75484139,,,,,,Kaingang,,,0.0,0.0,,,Regularizada,Tradicionalmente ocupada,COORDENACAO REGIONAL DE PASSO FUNDO,CR-PFD,,FUNAI,,,COORDENACAO REGIONAL DE PASSO FUNDO,0.0,,,,,,,,,,,,,,,,,0.0,0.0,,0.0,1100.43962819,5614.73712972,TI,18412.0598413,1.82413237734,463.32,42.1031729621,789.84,71.774950644,789.84,71.774950644,609.39,55.3769588435,134.55,12.226931542,45.9,4.17106025848,0.0,0.0,152.91,13.8953556454,83.34,7.57333686148,4065408.75042,1320386.40408,510819.927679,103219.209467,1.01941734017,0,93.7981574115,11.9987173332,103219.209467,0.0,0,0.0,0.0,0.0,36.9434964562,18412.0598413,646233.768636,0.00189333422,0.0024413573,0.10766242597,0.0,0.01017888584,0.10584393508,0.0,0.0,0.0,5.665399e-05,0.41739269965,0.59953607853,18412.0598413,11004396.2819,28.225049356,0.04024543792,0.18268837053,0.2426269584,0.46556076685,0.74317924265,FUNAI,29177,4494,5488,10382,9388,1857,863,17.88672702754768,19.203382287494435,994,22.118380062305295,15.40254309901635,18.809336120917163
0.0,0.0,,,19855.8997508,,,,,,"Guaraní,Kaingang",,,0.0,0.0,,,Delimitada,Tradicionalmente ocupada,COORDENACAO REGIONAL DE PASSO FUNDO,CR-PFD,,FUNAI,,,COORDENACAO REGIONAL DE PASSO FUNDO,0.0,,,,,,,,,,,,,,,,,0.0,0.0,,0.0,19858.6693065,10000.0,TI,109943.952105,1.855581428,9011.88,45.3800799082,13408.47,67.5194787377,13377.06,67.3613110402,8977.59,45.2074097284,4366.35,21.9871227654,12.6,0.06344836004,31.41,0.15816769752,1934.46,9.74113607585,1275.93,6.42505285882,79756373.9729,53273657.3129,24737801.403,852709.908327,0.64180705783,0,42.9389248455,26.826398348,852709.908327,0.0,0,0.0,0.0,0.0,40.1619931296,109943.952105,35849045.9356,0.00160626321,0.00171147787,0.10104196656,0.0003368972,0.01103072334,0.12180195473,0.0,0.0,0.0,0.00314281217,0.39335960555,0.56276248998,109943.952105,198586692.935,32.4805212623,0.08997963027,0.08363109072,0.15275362522,0.32636434621,0.52097862388,FUNAI,548952,106665,111959,156604,151310,20728,15434,13.235932670940716,14.469601087516992,5294,4.963202550039844,19.430660604205833,20.395043646803362
0.0,0.0,,,16243.1135924,,,,,,Kaingang,,,0.0,0.0,,,Regularizada,Tradicionalmente ocupada,COORDENACAO REGIONAL DE PASSO FUNDO,CR-PFD,,FUNAI,,,COORDENACAO REGIONAL DE PASSO FUNDO,0.0,,,,,,,,,,,,,,,,,0.0,0.0,,0.0,16244.9140831,10000.0,TI,84287.5507535,1.64834512114,18092.52,111.37344222,274.68,1.69086766846,274.68,1.69086766846,46.53,0.28642810766,151.92,0.93518500143,76.23,0.46925455937,0.0,0.0,123.48,0.76011482344,185.58,1.14238831336,159960226.615,159826770.325,4800681.23622,525254.130527,0.98094245824,0,32.3334508117,98.3857282856,525254.130527,0.0,0,0.0,0.0,0.0,98.4678809454,84287.5507535,159693489.846,0.00028559708,0.00013354907,0.0025363015,0.0,0.0054174646,0.36865924624,0.0,0.0,0.0,0.014,0.03144656786,0.0089910497,84287.5507535,162449140.856,98.3091323315,0.33,0.06297506908,0.23346972396,0.62644479304,1.0,FUNAI,443608,211730,211727,3534,3537,1466,1469,41.48273910582908,0.69380815189156,-3,-0.0014168988806498844,47.72907612126021,47.728399848514904
0.0,0.0,,,1838.29985249,,,,,,Guaraní,,,0.0,0.0,,,Regularizada,Tradicionalmente ocupada,COORDENACAO REGIONAL LITORAL SUL,CR-LIS,,FUNAI,,,COORDENACAO REGIONAL LITORAL SUL,0.0,,,,,,,,,,,,,,,,,0.0,0.0,,0.0,1839.31031438,7258.95027571,TI,27477.7127126,2.41727517852,2070.36,112.561756644,62.19,3.38115866115,62.19,3.38115866115,0.27,0.01467941532,45.18,2.45635549623,2.16,0.11743532253,0.0,0.0,75.6,4.11023628851,28.71,1.56091116195,0.0,0.0,0.0,0.0,0.0,0,0.0,0.0,0.0,0.0,0,0.0,0.0,0.0,0.0,27477.7127126,0.0,0.00039022779,0.00072215175,0.00507173799,0.0,0.02624491244,0.36232065502,0.0,0.0,0.0,0.0,0.07466407145,0.07511914324,27477.7127126,18393103.1438,96.6188413389,0.0,0.0,0.0,0.0,0.0,FUNAI,56115,22797,23084,1991,1704,939,652,47.16223003515822,2.8600254419441153,287,1.2589375795060753,40.62550120288692,41.13695090439277
0.0,0.0,,,1917.66724093,,,,,,Kaingang,,,0.0,0.0,,,Declarada,Tradicionalmente ocupada,COORDENACAO REGIONAL DE PASSO FUNDO,CR-PFD,,FUNAI,,,COORDENACAO REGIONAL DE PASSO FUNDO,0.0,,,,,,,,,,,,,,,,,0.0,0.0,,0.0,1918.80752544,7414.16120827,TI,28947.5798081,1.93816285378,370.26,19.2963595927,1779.84,92.7576099428,1779.84,92.7576099428,1577.52,82.2135612397,167.49,8.728858824,34.2,1.78235698717,0.0,0.0,97.92,5.10316947905,180.18,9.3902070745,3268062.61878,725677.440755,278249.421057,92586.5390075,1.22830788215,0,48.2521241851,3.78191887989,92586.5390075,0.0,0,0.0,0.0,0.0,17.0317375524,28947.5798081,213391.522929,0.00234755177,0.00089660606,0.13913641491,0.0,0.01326754621,0.02715896271,0.0,0.0,0.0,1.87076e-05,0.53267723653,0.77593559272,28947.5798081,19188075.2549,7.2423900572,0.01268510436,0.09397947876,0.29234406134,0.39900864446,0.63694143345,FUNAI,64736,6341,4259,19520,21602,467,2549,2.3924180327868854,40.198706828575936,-2082,-32.833937864690114,9.795168067226891,6.579028670291646
0.0,0.0,,,712.153576933,,,,,,Kaingang,,,0.0,0.0,,,Regularizada,Tradicionalmente ocupada,COORDENACAO REGIONAL DE PASSO FUNDO,CR-PFD,,FUNAI,,,COORDENACAO REGIONAL DE PASSO FUNDO,0.0,,,,,,,,,,,,,,,,,0.0,0.0,,0.0,712.183342999,4516.91818466,TI,13117.3776264,1.96998136029,160.2,22.4942076468,642.42,90.2043001027,642.24,90.179025712,148.95,20.9145582334,493.29,69.2644674787,0.0,0.0,0.18,0.02527439061,34.47,4.84004580265,66.6,9.35152452731,1418834.5413,250411.42862,82171.6176468,50419.5922331,1.1556804837,0,70.7958038176,3.51610903402,50419.5922331,0.0,0,0.0,0.0,0.0,19.9223213411,13117.3776264,86142.8680108,0.00233788113,0.0008503763,0.13526853857,5.383445e-05,0.0141293909,0.03673387462,0.0,0.0,0.0,7.55197e-06,0.52019784217,0.75684058517,13117.3776264,7121833.42999,9.79569989739,0.01179353959,0.13788725063,0.27505833931,0.42473912952,0.67801526047,FUNAI,17940,2180,2247,7486,7419,657,590,8.776382580817527,27.06422018348624,67,3.073394495412844,12.151616499442586,12.525083612040133
0.0,0.0,,,234.877357214,,,,,,Guaraní,,,0.0,0.0,,,Regularizada,Tradicionalmente ocupada,COORDENACAO REGIONAL LITORAL SUL,CR-LIS,,FUNAI,,,COORDENACAO REGIONAL LITORAL SUL,0.0,,,,,,,,,,,,,,,,,0.0,0.0,,0.0,234.8935,3000.0,TI,7256.94163901,1.85002785479,240.84,102.531572819,22.41,9.5404938834,22.41,9.5404938834,0.0,0.0,15.12,6.43695972856,7.29,3.10353415484,0.0,0.0,9.45,4.02309983035,21.78,9.27228722804,2100915.24561,2100131.31639,57339.2739598,23037.4315793,0.03273343088,0,98.0760703164,89.4078083102,23037.4315793,0.0,0,0.0,25416.0282332,1.08202347279,89.4411821248,7256.94163901,2099347.97305,0.00231807181,0.00070684223,0.01431074083,0.0,0.01088029776,0.33922314794,0.0,0.0,0.00062809024,0.00018404552,0.09402316494,0.10474093624,7256.94163901,2348935.01595,90.4595061166,0.29988675448,0.19102035657,0.00779073738,0.49869784842,0.79607629269,FUNAI,7315,3081,2931,184,334,50,200,27.173913043478258,6.491398896462187,-150,-4.868549172346641,42.11893369788107,40.068352699931644
0.0,0.0,,,27.8169904803,,,,,,Guaraní,,,0.0,0.0,,,Regularizada,Reserva Indígena,COORDENACAO REGIONAL LITORAL SUL,CR-LIS,,FUNAI,,,COORDENACAO REGIONAL LITORAL SUL,0.0,,,,,,,,,,,,,,,,,0.0,0.0,,0.0,27.8591212317,3000.0,TI,2522.79699597,2.07820509489,21.42,76.8868472981,11.34,40.7048015107,11.34,40.7048015107,0.0,0.0,0.0,0.0,11.34,40.7048015107,0.0,0.0,0.0,0.0,11.34,40.7048015107,470.352306251,470.352306251,33.6733900014,49.4647592338,0.00107366105,0,1.77553192803,0.16883242739,49.4647592338,0.0,0,0.0,0.0,0.0,0.16883242739,2522.79699597,1.20847501201,0.01017620038,0.0,0.06105720227,0.0,0.0170607683,0.22235699434,0.0,0.0,0.0,1.1e-10,0.2719371765,0.37697124619,2522.79699597,278591.212317,59.2951984893,0.00056628844,0.00345815999,0.00025553726,0.00427998569,0.00683218336,FUNAI,690,417,291,0,126,0,126,0.0,30.215827338129497,-126,-30.215827338129497,60.43478260869565,42.173913043478265
0.0,0.0,,,3327.12753896,,,,,,Kaingang,,,0.0,0.0,,,Regularizada,Tradicionalmente ocupada,COORDENACAO REGIONAL DE PASSO FUNDO,CR-PFD,,FUNAI,,,COORDENACAO REGIONAL DE PASSO FUNDO,0.0,,,,,,,,,,,,,,,,,0.0,0.0,,0.0,3327.86607791,10000.0,TI,26632.7813526,1.79007713394,1900.8,57.1176830888,1853.01,55.6816277043,1842.21,55.357095414,428.76,12.883931924,1410.57,42.386621546,2.16,0.06490645806,10.8,0.32453229028,323.28,9.7143332223,226.44,6.80436035281,16793555.3246,11625881.9591,5044537.04472,262074.598861,0.4716899406,0,78.7515461014,34.9349453572,262074.598861,0.0,0,0.0,0.0,0.0,50.4634349187,26632.7813526,8286483.89473,0.00170109009,0.00170676872,0.08303564312,0.00069125378,0.00925645629,0.16619389611,0.0,0.0,0.0,0.00072645901,0.33205731944,0.46896245591,26632.7813526,33278660.78,44.3183722957,0.11717687279,0.15338245474,0.11226481156,0.3828241391,0.61110594796,FUNAI,57200,21861,22832,22402,21431,3704,2733,16.534238014462993,12.501715383559764,971,4.4416998307488225,38.21853146853147,39.91608391608391
0.0,0.0,,,5996.98317923,,,,,,Kaingang,,,0.0,0.0,,,Delimitada,Tradicionalmente ocupada,COORDENACAO REGIONAL DE PASSO FUNDO,CR-PFD,,FUNAI,,,COORDENACAO REGIONAL DE PASSO FUNDO,0.0,,,,,,,,,,,,,,,,,0.0,0.0,,0.0,5998.27108149,10000.0,TI,76944.2420495,1.90952929414,2346.03,39.1117701772,4417.11,73.6397195124,4409.46,73.5121827622,2035.26,33.9307772581,1984.68,33.0875342751,381.06,6.35283058773,7.65,0.12753675011,517.05,8.61998387495,397.71,6.63041057326,20743237.3866,13414814.7777,6202074.67588,368329.03096,0.55443076805,0,61.4058661034,22.3644690154,368329.03096,0.0,0,0.0,0.0,0.0,34.5820272214,76944.2419183,8843305.70678,0.00165760264,0.001514496,0.11026827414,0.00027165328,0.01249196986,0.09885105183,0.0,0.0,0.0,0.00077527443,0.42954867766,0.61813621931,76944.2419183,59982710.8276,26.3602804877,0.07501367224,0.11959869926,0.13195758557,0.32656995707,0.52130684252,FUNAI,227046,28136,28797,52344,51683,5566,4905,10.633501451933364,17.433181688939435,661,2.349303383565539,12.392202461175268,12.68333289289395
0.0,0.0,,,224.238467368,,,,,,Guarani,Mato do Júlio,,0.0,0.0,,,,,,,,,,,,0.0,,,,,,,,,,,,,,,,,0.0,0.0,,0.0,224.457148065,3000.0,TI,8665.44357278,1.95692082869,246.6,109.865068734,9.27,4.12996426263,2.34,1.04251525076,0.0,0.0,0.0,0.0,0.0,0.0,6.93,3.08744901187,26.19,11.6681514604,2.52,1.12270873159,1265286.13065,1265286.13065,878523.422102,6827.25228645,0.73575977522,0,30.4167291442,56.3709438455,6827.25228645,0.0,0,0.0,950134.475143,42.3303281737,56.3709438455,8650.51116737,752374.207936,0.00028067718,0.00205004661,0.00156377288,0.0065762664,0.0137756298,0.35951263401,0.0,0.0,0.02457180152,6.59591e-05,0.09113950806,0.1003285867,8650.51116737,2244571.4837,95.8700357374,0.18907632025,0.0592419173,0.17511489097,0.42343312851,0.67593047818,,4788,2831,2873,301,259,111,69,36.87707641196013,2.4373013069586715,42,1.4835747085835393,59.12698412698413,60.00417710944027
0.0,0.0,,,13.6396704211,,,,,,,,,0.0,0.0,,,,,,,,,,,,0.0,,,,,,,,,,,,,,,,,0.0,0.0,,0.0,13.6636129252,3000.0,TI,1541.36413518,2.2062380491,11.7,85.6288894017,2.61,19.1018291742,2.61,19.1018291742,0.0,0.0,2.61,19.1018291742,0.0,0.0,0.0,0.0,8.1,59.2815388166,0.45,3.29341882314,0.0,0.0,0.0,0.0,0.0,0,0.0,0.0,0.0,0.0,0,0.0,0.0,0.0,0.0,1541.36413518,0.0,0.00082335471,0.01041552452,0.02865274376,0.0,0.02052870358,0.3033681406,0.0,0.0,0.0,0.0,0.14222113693,0.17848975871,1541.36413518,136636.129252,80.8981708258,0.0,0.0,0.0,0.0,0.0,,418,39,82,180,137,43,0,23.88888888888889,0.0,43,110.25641025641026,9.330143540669857,19.617224880382775
0.0,0.0,,pindoty,28.0149814526,,,,,,,,,0.0,0.0,,,,,,,,,,,,0.0,,,,,,,,,,,,,,,,,0.0,0.0,,0.0,28.0568388527,3000.0,TI,2220.83291063,2.05138886836,26.73,95.2708897119,5.67,20.2089766056,5.67,20.2089766056,0.0,0.0,0.81,2.88699665794,4.86,17.3219799476,0.0,0.0,2.07,7.37788034806,4.68,16.6804251347,780.804514756,780.804514756,64.0718976949,112.032054371,0.00478690666,0,3.99303909322,0.2782938302,112.032054371,0.0,0,0.0,0.0,0.0,0.2782938302,2220.83291063,2.63774310584,0.00417010628,0.00129626348,0.03031346491,0.0,0.01633441672,0.29921633773,0.0,0.0,0.0,2.3e-10,0.15630538647,0.20004039199,2220.83291063,280568.388527,79.7910233944,0.00093343786,0.0077771443,0.00113931023,0.00984989239,0.01572348035,,696,357,307,63,113,34,84,53.96825396825397,23.52941176470588,-50,-14.005602240896359,51.293103448275865,44.10919540229885
0.0,0.0,,,0.0,,,,,,,,,0.0,0.0,,,,,,,,,,,,0.0,,,,,,,,,,,,,,,,,0.0,0.0,,0.0,49.2464555059,3000.0,TI,4399.52368072,2.34283780224,1.08,2.19305123365,54.63,110.931841569,3.42,6.94466223988,1.08,2.19305123365,2.34,4.75161100624,0.0,0.0,51.21,100.0,0.0,0.0,1.8,3.65508538941,10080.0450478,7223.56808957,2783.14723345,521.309025281,0.52086548428,0,10.585716676,1.46681989909,521.309025281,0.0,0,0.0,0.0,0.0,2.04685696548,4399.52368072,5986.02303969,0.00091377135,0.0,0.01041699336,0.213,0.0242286815,0.0,0.0,0.0,0.0,5.2478e-07,0.65455892142,0.96242955441,4399.52368072,492464.555059,0.0,0.00491992665,0.02061754073,0.12396886261,0.14950632999,0.23865842873,,1476,55,0,692,747,0,55,0.0,100.0,-55,-100.0,3.7262872628726287,0.0
0.0,0.0,,,0.0,,,,,,,,,0.0,0.0,,,,,,,,,,,,0.0,,,,,,,,,,,,,,,,,0.0,0.0,,0.0,0.67813697395,3000.0,TI,337.364334988,2.20555563768,0.09,13.2716550575,0.72,106.17324046,0.45,66.3582752875,0.0,0.0,0.45,66.3582752875,0.0,0.0,0.27,39.8149651725,0.0,0.0,0.72,100.0,0.0,0.0,0.0,0.0,0.0,0,0.0,0.0,0.0,0.0,0,0.0,0.0,0.0,0.0,337.364334988,0.0,0.025,0.0,0.09953741293,0.08480587582,0.0205102196,0.0,0.0,0.0,0.0,0.0,0.63585350835,0.93380797281,337.364334988,6781.36973948,0.0,0.0,0.0,0.0,0.0,0.0,,25,19,6,0,13,0,13,0.0,68.42105263157895,-13,-68.42105263157895,76.0,24.0
0.0,0.0,,,0.0,,,,,,,,,0.0,0.0,,,,,,,,,,,,0.0,,,,,,,,,,,,,,,,,0.0,0.0,,0.0,523.087532789,3871.0920904,TI,12115.6682199,1.88491864573,195.66,37.4048295429,401.13,76.685062223,401.13,76.685062223,0.0,0.0,0.0,0.0,401.13,76.685062223,0.0,0.0,22.5,4.3013833421,76.41,14.6074978298,338267.500442,39192.2967493,9253.26327555,18865.2518358,0.25369349717,0,36.0651911071,0.74924929945,18865.2518358,0.0,0,0.0,0.0,0.0,6.46674751812,12115.6682199,3546.91870689,0.00365187446,0.0007557355,0.11502759333,0.0,0.01182535917,0.08743101666,0.0,0.0,0.0,3.1095e-07,0.44831776384,0.64685522858,12115.6682199,5230875.32789,23.314937777,0.0025130908,0.07024328812,0.06038045377,0.1331368327,0.21252763879,,13800,2903,2061,4208,5050,76,918,1.8060836501901139,31.622459524629694,-842,-29.00447812607647,21.036231884057973,14.934782608695652
0.0,0.0,,,0.0,,,,,,,,,0.0,0.0,,,,,,,,,,,,0.0,,,,,,,,,,,,,,,,,0.0,0.0,,0.0,2871.42633114,10000.0,TI,30536.8291563,1.89232598097,2322.81,80.8939437105,970.02,33.7818174014,968.85,33.7410711009,13.41,0.46701528974,870.48,30.3152475326,82.35,2.86791268531,1.17,0.04074630045,117.27,4.08403303711,478.71,16.6715055444,450162.911733,63412.5436526,5232.96727479,23673.8857509,0.0297042455,0,8.24464326112,0.22083987656,23673.8857509,170005.282894,40,0.59205866106,0.0,0.0,1.56773275654,30536.8291563,587.034261985,0.00416787639,0.00071754794,0.05061160665,8.678962e-05,0.01202599626,0.24831818475,0.00400690846,0.02430753611,0.0,5.146e-08,0.25217092934,0.34672645803,30536.8291563,28714263.3114,66.2181825987,0.00074072897,0.01605788946,0.00706977452,0.02386839295,0.03810135101,,72624,30441,24817,7935,13559,1065,6689,13.42155009451796,21.973653953549487,-5624,-18.475082947340756,41.91589557171183,34.17189909671734
0.0,0.0,,,0.0,,,,,,,,,0.0,0.0,,,,,,,,,,,,0.0,,,,,,,,,,,,,,,,,0.0,0.0,,0.0,1.70023139035,3000.0,TI,547.692934702,2.09761914753,0.09,5.29339715234,1.8,105.867943047,0.09,5.29339715234,0.0,0.0,0.09,5.29339715234,0.0,0.0,1.71,100.0,0.09,5.29339715234,0.09,5.29339715234,1277.67568382,1223.4474901,333.340487657,41.6784821379,0.0327422631,0,24.5134176292,7.19577051127,41.6784821379,0.0,0,0.0,0.0,0.0,7.51471647373,547.692934702,1173.82429071,0.00132334929,0.00093002828,0.00794009573,0.213,0.01758662259,0.0,0.0,0.0,0.0,1.0291e-07,0.64491993641,0.94768072236,547.692934702,17002.3139035,0.0,0.02413565778,0.04774418226,0.00779283949,0.07967267953,0.12718228393,,42,2,2,35,35,0,0,0.0,0.0,0,0.0,4.761904761904762,4.761904761904762
0.0,0.0,,,0.0,,,,,,,,,0.0,0.0,,,,,,,,,,,,0.0,,,,,,,,,,,,,,,,,0.0,0.0,,0.0,3.22613592909,3000.0,TI,763.191893815,2.12675449409,0.0,0.0,3.42,106.009172433,0.09,2.78971506403,0.0,0.0,0.09,2.78971506403,0.0,0.0,3.33,100.0,0.0,0.0,0.81,25.1074355763,0.0,0.0,0.0,0.0,0.0,0,0.0,0.0,0.0,0.0,0,0.0,0.0,0.0,0.0,763.191893815,0.0,0.00627685889,0.0,0.0041845726,0.213,0.01837579048,0.0,0.0,0.0,0.0,0.0,0.64783722197,0.9521445279,763.191893815,32261.3592909,0.0,0.0,0.0,0.0,0.0,0.0,,81,16,2,47,61,2,16,4.25531914893617,100.0,-14,-87.5,19.753086419753085,2.4691358024691357
0.0,0.0,,,0.0,,,,,,,,,0.0,0.0,,,,,,,,,,,,0.0,,,,,,,,,,,,,,,,,0.0,0.0,,0.0,87.573085504,3000.0,TI,6029.21240438,1.7843234348,48.33,55.1881890673,51.66,58.9907272339,43.47,49.63853877,0.54,0.61662781081,26.1,29.8036775224,16.83,19.2182334368,8.19,9.35218846392,5.76,6.57736331528,20.07,22.9180003017,302636.660304,259079.029037,131282.499782,7245.47360138,0.94019285845,0,82.73630602,29.5843212039,7245.47360138,0.0,0,0.0,0.0,0.0,34.5581817247,6029.21240438,160336.477768,0.00572950008,0.0011556159,0.07445780815,0.01992016143,0.00910061004,0.15378477287,0.0,0.0,0.0,1.405637e-05,0.36025363455,0.5121062844,6029.21240438,875730.85504,41.0092727661,0.09923010347,0.1611434739,0.22377109411,0.48414467147,0.77284491283,,2124,730,515,536,751,35,250,6.529850746268656,34.24657534246575,-215,-29.45205479452055,34.36911487758945,24.246704331450093
0.0,0.0,,,0.0,,,,,,,,,0.0,0.0,,,,,,,,,,,,0.0,,,,,,,,,,,,,,,,,0.0,0.0,,0.0,1.87614005127,3000.0,TI,1005.61593122,1.85208336512,0.0,0.0,2.16,115.129997813,2.07,100.0,0.0,0.0,2.07,110.332914571,0.0,0.0,0.09,4.79708324222,0.0,0.0,0.0,0.0,0.0,0.0,0.0,0.0,0.0,0,0.0,0.0,0.0,0.0,0,0.0,0.0,0.0,0.0,1005.61593122,0.0,0.0,0.0,0.15,0.01021778731,0.01093597387,0.0,0.0,0.0,0.0,0.0,0.57715376117,0.84399014325,1005.61593122,18761.4005127,0.0,0.0,0.0,0.0,0.0,0.0,,180,0,0,51,51,0,0,0.0,0.0,0,0.0,0.0,0.0
0.0,0.0,,,0.0,,,,,,,,,0.0,0.0,,,,,,,,,,,,0.0,,,,,,,,,,,,,,,,,0.0,0.0,,0.0,240.812743589,3000.0,TI,7229.71711776,1.72138957514,30.33,12.5948484071,244.08,101.356762255,181.35,75.3074763807,102.06,42.3814780227,74.88,31.0946999249,0.0,0.0,62.73,26.0492858746,14.31,5.94237654815,13.77,5.7181359237,265838.761333,81823.3893812,27842.9970513,11477.9170444,1.33769600649,0,47.6632460284,3.39780146856,11477.9170444,0.0,0,0.0,0.0,0.0,11.0392314531,7229.71711776,57034.0051273,0.00142953398,0.00104405132,0.11296121457,0.05548497891,0.00739596646,0.0,0.0,0.0,0.0,5.00005e-06,0.58222264256,0.85174615493,7229.71711776,2408127.43589,0.0,0.01139671886,0.09283253522,0.31837903921,0.42260829329,0.67461378557,,6020,355,429,2959,2885,221,147,7.468739438999663,41.40845070422535,74,20.845070422535212,5.897009966777408,7.1262458471760795
0.0,0.0,,,0.0,,,,,,,,,0.0,0.0,,,,,,,,,,,,0.0,,,,,,,,,,,,,,,,,0.0,0.0,,0.0,1.6195879689,3000.0,TI,528.288176038,1.71359650712,0.0,0.0,1.71,105.582409405,1.71,100.0,0.72,44.4557513285,0.99,61.1266580766,0.0,0.0,0.0,0.0,0.0,0.0,0.0,0.0,143.376993995,143.376993995,0.0,2.67297853767,0.00013371885,0,1.65040651635,0.88526833212,2.67297853767,0.0,0,0.0,0.0,0.0,0.88526833212,528.288176038,143.376993995,0.0,0.0,0.15,0.0,0.00718488131,0.0,0.0,0.0,0.0,1.257e-08,0.56318486874,0.82261602053,528.288176038,16195.879689,0.0,0.00296931836,0.00321445629,3.182583e-05,0.00621560048,0.00992202433,,35,1,1,32,32,0,0,0.0,0.0,0,0.0,2.857142857142857,2.857142857142857
0.0,0.0,,,0.0,,,,,,,,,0.0,0.0,,,,,,,,,,,,0.0,,,,,,,,,,,,,,,,,0.0,0.0,,0.0,5.45944288201,3000.0,TI,994.884418069,1.75320511231,3.24,59.3467148576,2.61,47.8070758575,2.61,47.8070758575,0.0,0.0,1.98,36.2674368574,0.63,11.5396390001,0.0,0.0,0.63,11.5396390001,0.9,16.4851985716,0.0,0.0,0.0,0.0,0.0,0,0.0,0.0,0.0,0.0,0,0.0,0.0,0.0,0.0,994.884418069,0.0,0.00412129964,0.00202746749,0.07171061379,0.0,0.00825773072,0.19572346553,0.0,0.0,0.0,0.0,0.29233871112,0.40818810228,994.884418069,54594.4288201,52.1929241425,0.0,0.0,0.0,0.0,0.0,,104,47,42,44,49,9,14,20.454545454545457,29.78723404255319,-5,-10.638297872340425,45.19230769230769,40.38461538461539
0.0,0.0,,,0.0,,,,,,,,,0.0,0.0,,,,,,,,,,,,0.0,,,,,,,,,,,,,,,,,0.0,0.0,,0.0,10.0451625507,3000.0,TI,1429.6662492,2.49702834529,1.8,17.9190728962,9.81,97.6589472842,1.98,19.7109801858,0.0,0.0,1.98,19.7109801858,0.0,0.0,7.83,77.9479670984,0.45,4.47976822405,8.19,81.5317816776,10894.1748667,6226.17505909,3227.60892627,655.233756547,0.79994333569,0,65.22878582,6.19818248601,655.233756547,0.0,0,0.0,0.0,0.0,10.8451951989,1429.6662492,3871.70731526,0.02038294542,0.000787077,0.02956647028,0.16602916992,0.02840512832,0.00877894768,0.0,0.0,0.0,3.3942e-07,0.64081734983,0.94140326052,1429.6662492,100451.625507,2.3410527158,0.02078960288,0.12704450622,0.19039093292,0.33822504203,0.53991196956,,294,148,31,19,136,5,122,26.31578947368421,82.43243243243244,-117,-79.05405405405406,50.34013605442177,10.54421768707483
0.0,0.0,,,0.0,,,,,,,,,0.0,0.0,,,,,,,,,,,,0.0,,,,,,,,,,,,,,,,,0.0,0.0,,0.0,95.9964140658,3000.0,TI,4526.88662189,2.342914622,47.43,49.4080955644,64.26,66.9400004421,1.71,1.78131653837,0.0,0.0,0.0,0.0,0.0,0.0,62.55,65.1586839037,13.68,14.250532307,21.15,22.0320729746,386583.648503,385805.696041,111297.274411,6025.86360582,1.06038119699,0,62.7717573043,40.1895945589,6025.86360582,0.0,0,0.0,17598.4948938,1.83324502952,40.2706343008,4526.88662189,363058.320663,0.00550801824,0.00250376039,0.00267197481,0.13878799672,0.02423076226,0.12397499834,0.0,0.0,0.00106415742,3.182858e-05,0.45175232214,0.65211052502,4526.88662189,959964.140658,33.0599995579,0.13480172821,0.12225901205,0.25237658262,0.50943732288,0.81321982167,,2146,730,644,627,713,162,248,25.837320574162682,33.97260273972603,-86,-11.78082191780822,34.01677539608574,30.00931966449208
0.0,0.0,,,0.0,,,,,,,,,0.0,0.0,,,,,,,,,,,,0.0,,,,,,,,,,,,,,,,,0.0,0.0,,0.0,30.5929191497,3000.0,TI,2306.64606358,1.84993541241,22.23,72.6638732683,10.44,34.1255437211,10.44,34.1255437211,0.0,0.0,10.44,34.1255437211,0.0,0.0,0.0,0.0,6.93,22.6523005735,0.81,2.6476714956,195974.951776,191742.327801,33663.9693298,3917.23341052,0.37431499043,0,128.043793119,62.6753945457,3917.23341052,0.0,0,0.0,0.0,0.0,64.0589251446,2306.64606358,187658.567483,0.00066191787,0.00397991679,0.05118831558,0.0,0.01087779384,0.24702921105,0.0,0.0,0.0,1.645164e-05,0.21770244781,0.29398544383,2306.64606358,305929.191497,65.8744562789,0.21022236213,0.24938775523,0.08908903551,0.54869915286,0.875893868,,728,221,291,236,166,77,7,32.6271186440678,3.167420814479638,70,31.674208144796378,30.357142857142854,39.972527472527474
0.0,0.0,,,0.0,,,,,,,,,0.0,0.0,,,,,,,,,,,,0.0,,,,,,,,,,,,,,,,,0.0,0.0,,0.0,11.8818278425,3000.0,TI,1464.29361352,1.7495614353,6.66,56.0519819701,7.02,59.0818188334,6.39,53.7796043227,0.99,8.33205137394,5.4,45.4475529488,0.0,0.0,0.63,5.30221451069,2.43,20.4513988269,0.9,7.57459215813,57734.0863035,57734.0863035,0.0,903.525508103,0.27024116383,0,76.0426358703,48.5902397079,903.525508103,0.0,0,0.0,0.0,0.0,48.5902397079,1464.29361352,57734.0863035,0.00189364804,0.00359322734,0.08066940648,0.01129371691,0.0081590371,0.15344317937,0.0,0.0,0.0,5.06143e-06,0.35097434039,0.49790782356,1464.29361352,118818.278425,40.9181811666,0.16297871026,0.14810637673,0.06431888985,0.37540397684,0.59926106978,,289,48,83,141,106,43,8,30.49645390070922,16.666666666666664,35,72.91666666666666,16.608996539792386,28.719723183391004
0.0,0.0,,,0.0,,,,,,,,,0.0,0.0,,,,,,,,,,,,0.0,,,,,,,,,,,,,,,,,0.0,0.0,,0.0,76.6199059386,3000.0,TI,4300.76703706,2.54281587791,39.6,51.6836969648,48.51,63.3125287818,3.87,5.05090674883,0.0,0.0,3.87,5.05090674883,0.0,0.0,44.64,58.261622033,4.05,5.28583264412,19.35,25.2545337442,0.0,0.0,0.0,0.0,0.0,0,0.0,0.0,0.0,0.0,0,0.0,0.0,0.0,0.0,4300.76703706,0.0,0.00631363344,0.00092869923,0.00757636012,0.12409725493,0.02964534183,0.13757801707,0.0,0.0,0.0,0.0,0.43512587402,0.62667001538,4300.76703706,766199.059386,36.6874712182,0.0,0.0,0.0,0.0,0.0,,2268,118,25,989,1082,23,116,2.3255813953488373,98.30508474576271,-93,-78.8135593220339,5.2028218694885355,1.1022927689594355
0.0,0.0,,,0.0,,,,,,,,,0.0,0.0,,,,,,,,,,,,0.0,,,,,,,,,,,,,,,,,0.0,0.0,,0.0,12.7636666927,3000.0,TI,1738.6168232,2.66666674614,0.0,0.0,14.85,116.345877384,0.0,0.0,0.0,0.0,0.0,0.0,0.0,0.0,14.85,100.0,0.0,0.0,5.58,43.7178448352,0.0,0.0,0.0,0.0,0.0,0,0.0,0.0,0.0,0.0,0,0.0,0.0,0.0,0.0,1738.6168232,0.0,0.01092946121,0.0,0.0,0.213,0.033,0.0,0.0,0.0,0.0,0.0,0.66292946121,0.97523750934,1738.6168232,127636.666927,0.0,0.0,0.0,0.0,0.0,0.0,,456,95,0,113,208,0,95,0.0,100.0,-95,-100.0,20.833333333333336,0.0
0.0,0.0,,,0.0,,,,,,,,,0.0,0.0,,,,,,,,,,,,0.0,,,,,,,,,,,,,,,,,0.0,0.0,,0.0,4.57718182152,3000.0,TI,908.785865862,1.82500004768,0.0,0.0,5.22,114.043972985,0.18,3.93255079258,0.18,3.93255079258,0.0,0.0,0.0,0.0,5.04,100.0,0.0,0.0,2.07,45.2243341147,0.0,0.0,0.0,0.0,0.0,0,0.0,0.0,0.0,0.0,0,0.0,0.0,0.0,0.0,908.785865862,0.0,0.01130608353,0.0,0.00589882619,0.213,0.01020238779,0.0,0.0,0.0,0.0,0.0,0.64640729751,0.94995656769,908.785865862,45771.8182152,0.0,0.0,0.0,0.0,0.0,0.0,,135,36,3,47,80,0,33,0.0,91.66666666666666,-33,-91.66666666666666,26.666666666666668,2.2222222222222223
0.0,0.0,,,0.0,,,,,,,,,0.0,0.0,,,,,,,,,,,,0.0,,,,,,,,,,,,,,,,,0.0,0.0,,0.0,0.47409378728,3000.0,TI,307.423855865,2.32500004768,0.0,0.0,0.63,132.8850993,0.0,0.0,0.0,0.0,0.0,0.0,0.0,0.0,0.63,100.0,0.0,0.0,0.0,0.0,0.0,0.0,0.0,0.0,0.0,0,0.0,0.0,0.0,0.0,0,0.0,0.0,0.0,0.0,307.423855865,0.0,0.0,0.0,0.0,0.213,0.02374552325,0.0,0.0,0.0,0.0,0.0,0.64274552325,0.9443536029,307.423855865,4740.93787282,0.0,0.0,0.0,0.0,0.0,0.0,,25,0,0,15,15,0,0,0.0,0.0,0,0.0,0.0,0.0
0.0,0.0,,,0.0,,,,,,,,,0.0,0.0,,,,,,,,,,,,0.0,,,,,,,,,,,,,,,,,0.0,0.0,,0.0,8.31936444787,3000.0,TI,1874.89550118,1.66354167461,6.75,81.1360055482,3.33,40.0270960705,3.33,40.0270960705,0.0,0.0,2.88,34.6180290339,0.45,5.40906703655,0.0,0.0,0.18,2.16362681462,3.33,40.0270960705,0.0,0.0,0.0,0.0,0.0,0,0.0,0.0,0.0,0.0,0,0.0,0.0,0.0,0.0,1874.89550118,0.0,0.01000677402,0.0003801404,0.06004064411,0.0,0.00582908256,0.22489838974,0.0,0.0,0.0,0.0,0.25659797054,0.35350037532,1874.89550118,83193.6444787,59.9729039295,0.0,0.0,0.0,0.0,0.0,,496,145,98,10,57,10,57,100.0,39.310344827586206,-47,-32.41379310344827,29.233870967741936,19.758064516129032
0.0,0.0,,,0.0,,,,,,,,,0.0,0.0,,,,,,,,,,,,0.0,,,,,,,,,,,,,,,,,0.0,0.0,,0.0,9.66294226155,3000.0,TI,1426.5882931,2.55201609673,0.63,6.51975333131,10.17,105.247446634,0.54,5.58835999827,0.0,0.0,0.0,0.0,0.0,0.0,9.63,99.6590866357,1.44,14.9022933287,0.0,0.0,0.0,0.0,0.0,0.0,0.0,0,0.0,0.0,0.0,0.0,0,0.0,0.0,0.0,0.0,1439.36974816,0.0,0.0,0.00261827214,0.00838254,0.21227385453,0.02989454145,0.0,0.0,0.0,0.0,0.0,0.65393266384,0.96147130332,1439.36974816,96010.9452491,0.0,0.0,0.0,0.0,0.0,0.0,,320,9,12,152,149,9,6,5.921052631578947,66.66666666666666,3,33.33333333333333,2.8125,3.75
0.0,0.0,,,0.0,,,,,,,,,0.0,0.0,,,,,,,,,,,,0.0,,,,,,,,,,,,,,,,,0.0,0.0,,0.0,594.142186893,4125.64175248,TI,11618.5578594,2.18692830042,276.84,46.5949070958,401.49,67.5747336003,243.36,40.9598923235,120.06,20.2072841566,73.26,12.3303817867,44.64,7.51335302976,158.13,26.6148412768,64.17,10.8004449803,148.41,24.9788692461,162654.164833,56473.4490023,9004.083499,7182.59956542,0.04935027917,0,12.0890246878,0.95050394078,7182.59956542,0.0,0,0.0,0.0,0.0,2.73763029156,11618.5578594,1767.95340832,0.00624471731,0.00189759412,0.06143983849,0.05668961192,0.02000567449,0.121594749,0.0,0.0,0.0,1.5499e-07,0.4268873441,0.61406405178,11618.5578594,5941421.86893,32.4252663997,0.00318812805,0.02354549687,0.01174563906,0.03847926398,0.06142482851,,14672,4822,3311,3235,4746,567,2078,17.527047913446676,43.094151804230606,-1511,-31.335545416839484,32.86532170119956,22.566793893129773
0.0,0.0,,,0.0,,,,,,,,,0.0,0.0,,,,,,,,,,,,0.0,,,,,,,,,,,,,,,,,0.0,0.0,,0.0,0.22009622526,3000.0,TI,190.033916181,2.05833339691,0.0,0.0,0.36,163.56482242,0.36,100.0,0.0,0.0,0.36,163.56482242,0.0,0.0,0.0,0.0,0.0,0.0,0.0,0.0,105.846540783,105.846540783,0.0,9.75704457487,0.06194840789,0,44.3308128672,4.80910295744,9.75704457487,0.0,0,0.0,0.0,0.0,4.80910295744,190.033916181,105.846540783,0.0,0.0,0.15,0.0,0.0165225181,0.0,0.0,0.0,0.0,9.28e-09,0.57252250882,0.8369037578,190.033916181,2200.96225262,0.0,0.01613042871,0.08634203688,0.01474406329,0.11721652888,0.18711390084,,12,0,0,9,9,0,0,0.0,0.0,0,0.0,0.0,0.0
0.0,0.0,,,0.0,,,,,,,,,0.0,0.0,,,,,,,,,,,,0.0,,,,,,,,,,,,,,,,,0.0,0.0,,0.0,31.8427243386,3000.0,TI,2413.05902098,1.66203698141,13.77,43.2437873518,22.68,71.2250615206,4.5,14.1319566509,0.0,0.0,3.69,11.5882044537,0.0,0.0,18.18,57.0931048697,2.52,7.91389572451,8.19,25.7201611047,121316.763983,114210.017118,35570.0514828,2588.3458891,0.18624872242,0,81.2853145859,35.8669110238,2588.3458891,0.0,0,0.0,0.0,0.0,38.0987385279,2413.05902098,107935.896134,0.00643004028,0.00139043919,0.02119793498,0.12160831337,0.00578832603,0.1079060193,0.0,0.0,0.0,9.46252e-06,0.45171869365,0.65205906929,2413.05902098,318427.246334,28.7749384794,0.12030282079,0.15831741347,0.04432822481,0.32294845906,0.51552580954,,744,282,184,195,293,33,131,16.923076923076923,46.45390070921986,-98,-34.751773049645394,37.903225806451616,24.731182795698924
0.0,0.0,,,0.0,,,,,,,,,0.0,0.0,,,,,,,,,,,,0.0,,,,,,,,,,,,,,,,,0.0,0.0,,0.0,5.97476379688,3000.0,TI,1021.05768548,2.18848682077,2.07,34.6457210757,4.77,79.835792044,1.17,19.5823640863,0.0,0.0,1.17,19.5823640863,0.0,0.0,3.6,60.2534279578,0.0,0.0,3.33,55.7344208609,18405.3761576,12235.6937829,4944.36357433,548.626042246,0.15696470477,0,91.8238880896,20.4789581627,548.626042246,0.0,0,0.0,0.0,0.0,30.8051946208,1021.05768548,9421.33491581,0.01393360522,0.0,0.02937354613,0.12833980155,0.020047889,0.07561577983,0.0,0.0,0.0,8.2595e-07,0.52207823611,0.75971781907,1021.05768548,59747.6379688,20.1642079559,0.06868939542,0.1788431346,0.03735846684,0.28489099685,0.45477430735,,140,29,15,75,89,0,14,0.0,48.275862068965516,-14,-48.275862068965516,20.714285714285715,10.714285714285714
0.0,0.0,,,0.0,,,,,,,,,0.0,0.0,,,,,,,,,,,,0.0,,,,,,,,,,,,,,,,,0.0,0.0,,0.0,10.3205908899,3000.0,TI,1369.43576736,1.7563282834,7.92,76.7397921736,4.05,39.2419391797,4.05,39.2419391797,0.0,0.0,2.07,20.0569911363,1.98,19.1849480434,0.0,0.0,0.0,0.0,4.05,39.2419391797,68991.3406442,68211.5961783,10080.6992208,1665.1168607,0.20272487773,0,161.339295246,66.0927236685,1665.1168607,0.0,0,0.0,0.0,0.0,66.8482467526,1369.43576736,67449.4775065,0.00981048479,0.0,0.05886290877,0.0,0.00834232578,0.22784272808,0.0,0.0,0.0,5.91316e-06,0.25516707811,0.35131093399,1369.43576736,103205.908899,60.7580608203,0.22168457957,0.31423658805,0.04824964079,0.58417080841,0.93251762151,,247,154,104,15,65,3,53,20.0,34.41558441558442,-50,-32.467532467532465,62.34817813765182,42.10526315789473
0.0,0.0,,,0.0,,,,,,,,,0.0,0.0,,,,,,,,,,,,0.0,,,,,,,,,,,,,,,,,0.0,0.0,,0.0,0.73922824755,3000.0,TI,344.604594548,2.59166669846,0.0,0.0,0.99,133.923453721,0.0,0.0,0.0,0.0,0.0,0.0,0.0,0.0,0.99,100.0,0.0,0.0,0.0,0.0,0.0,0.0,0.0,0.0,0.0,0,0.0,0.0,0.0,0.0,0,0.0,0.0,0.0,0.0,344.604594548,0.0,0.0,0.0,0.0,0.213,0.03096852839,0.0,0.0,0.0,0.0,0.0,0.64996852839,0.95540568874,344.604594548,7392.28247545,0.0,0.0,0.0,0.0,0.0,0.0,,20,0,0,19,19,0,0,0.0,0.0,0,0.0,0.0,0.0
0.0,0.0,,,0.0,,,,,,,,,0.0,0.0,,,,,,,,,,,,0.0,,,,,,,,,,,,,,,,,0.0,0.0,,0.0,662.811896745,4357.54083713,TI,12249.7180781,2.02269347854,486.36,73.3782846066,160.92,24.2783813613,141.3,21.318265513,3.51,0.52956200956,71.82,10.8356534264,47.97,7.23734746398,19.62,2.96011584831,158.31,23.8846044824,140.67,21.2232159216,53901.6131506,34456.5579774,3337.84417941,2087.3700449,0.00812468914,0,3.14926459613,0.51985424629,2087.3700449,0.0,0,0.0,1712487.95794,25.8367111784,0.81322639646,12249.7180781,312.153958961,0.00530580398,0.00419642756,0.03197739827,0.00630504676,0.01555716562,0.28395606989,0.0,0.0,0.01499762857,2.737e-08,0.19199051837,0.25464303082,12249.7180781,6628118.98201,75.7216186387,0.00174366653,0.00613374541,0.0019337209,0.00981113284,0.01566160809,,17160,7176,5682,1806,3300,282,1776,15.614617940199334,24.74916387959866,-1494,-20.819397993311036,41.81818181818181,33.11188811188811
0.0,0.0,,,0.0,,,,,,,,,0.0,0.0,,,,,,,,,,,,0.0,,,,,,,,,,,,,,,,,0.0,0.0,,0.0,12.2507419672,3000.0,TI,2131.31430752,1.75192310871,6.39,52.1601060336,7.65,62.4451973642,6.3,51.4254566529,0.0,0.0,4.5,36.7324690378,1.8,14.6929876151,1.35,11.0197407113,0.63,5.14254566529,0.18,1.46929876151,54606.1767544,54606.1767544,0.0,1291.30212374,0.86779190138,0,105.406033952,44.5737710421,1291.30212374,0.0,0,0.0,0.0,0.0,44.5737710421,2131.31430752,54606.1767544,0.00036732469,0.00090352429,0.07713818498,0.02347204772,0.00822300603,0.14083050988,0.0,0.0,0.0,4.78721e-06,0.37346174202,0.5323163126,2131.31430752,122507.419672,37.5548026358,0.14950689191,0.20529674695,0.20653926637,0.56134290522,0.89607721456,,494,78,91,125,112,13,0,10.4,0.0,13,16.666666666666664,15.789473684210526,18.421052631578945
0.0,0.0,,,0.0,,,,,,,,,0.0,0.0,,,,,,,,,,,,0.0,,,,,,,,,,,,,,,,,0.0,0.0,,0.0,335.520497085,3100.31517939,TI,10024.30747,2.14061205873,78.48,23.390523286,280.53,83.6103911496,280.53,83.6103911496,137.34,40.9334157505,142.11,42.355087464,0.18,0.05364798919,0.0,0.0,73.62,21.9420275779,145.98,43.5085192315,680584.661254,590214.351358,197861.702806,13865.951362,1.04112451078,0,41.326689375,17.5910073002,13865.951362,0.0,0,0.0,0.0,0.0,20.2844436381,10024.30747,516140.526286,0.01087712981,0.00385512473,0.12541558672,0.0,0.01875114023,0.06146103319,0.0,0.0,0.0,4.524898e-05,0.49568244986,0.71932902108,10024.30747,3355204.97085,16.3896088504,0.05900278943,0.08049097924,0.24779338492,0.3872871536,0.61823030202,,10395,2190,1109,2448,3529,743,1824,30.35130718954248,83.28767123287672,-1081,-49.36073059360731,21.06782106782107,10.668590668590669
0.0,0.0,,,0.0,,,,,,,,,0.0,0.0,,,,,,,,,,,,0.0,,,,,,,,,,,,,,,,,0.0,0.0,,0.0,31.0339452655,3000.0,TI,2644.17281601,2.0225552658,15.21,49.0108488298,20.07,64.6711200535,20.07,64.6711200535,0.0,0.0,5.22,16.8202913144,14.85,47.8508287392,0.0,0.0,0.45,1.45002511331,18.9,60.9010547589,6898.19802451,2694.89576306,495.336762013,651.569584726,0.05364001844,0,20.995383576,0.86837034093,651.569584726,0.0,0,0.0,0.0,0.0,2.2227911938,2644.17281601,98.7183916909,0.01522526369,0.0002547635,0.09700668008,0.0,0.01555342195,0.1324832998,0.0,0.0,0.0,8.65e-09,0.40104729377,0.57452559807,2644.17281601,310339.452655,35.3288799465,0.00291264005,0.04089219362,0.01276662071,0.05657145438,0.09030557043,,888,424,166,46,304,4,262,8.695652173913043,61.79245283018868,-258,-60.84905660377359,47.74774774774775,18.693693693693696
0.0,0.0,,,0.0,,,,,,,,,0.0,0.0,,,,,,,,,,,,0.0,,,,,,,,,,,,,,,,,0.0,0.0,,0.0,182.791163619,3000.0,TI,5679.13765362,1.90881595756,157.14,85.9669564375,52.65,28.803361693,52.65,28.803361693,8.28,4.52975944573,23.31,12.7522575701,21.06,11.5213446772,0.0,0.0,16.2,8.86257282861,22.05,12.0629463501,3928.72346851,1571.48997071,89.5250649705,456.662132,0.00402733152,0,2.49827247093,0.08597187849,456.662132,12424.7903339,2,0.6797259828,0.0,0.0,0.21492961644,5679.13765362,4.06118706782,0.00301573659,0.00155711789,0.04320504254,0.0,0.01247264823,0.26698739365,0.00020034542,0.02790680208,0.0,3.6e-10,0.22425606297,0.3040132807,5679.13765362,1827911.63619,71.196638307,0.00028836215,0.00486582401,0.00095852715,0.00611271331,0.00975778453,,3888,1627,1483,906,1050,88,232,9.713024282560706,14.259373079287032,-144,-8.850645359557467,41.84670781893004,38.14300411522634
0.0,0.0,,,0.0,,,,,,,,,0.0,0.0,,,,,,,,,,,,0.0,,,,,,,,,,,,,,,,,0.0,0.0,,0.0,86.1513958292,3000.0,TI,3925.75055558,1.99052513059,56.25,65.2920355597,42.3,49.0996107409,42.3,49.0996107409,6.12,7.1037734689,19.89,23.0872637739,15.84,18.3862372136,0.0,0.0,0.0,0.0,42.3,49.0996107409,3773.41191715,1575.98354134,113.858922405,478.951266905,0.0103999713,0,5.55941389336,0.18293186386,478.951266905,0.0,0,0.0,0.0,0.0,0.43799776902,3925.75055558,8.36398767059,0.01227490269,0.0,0.07364941611,0.0,0.01468584503,0.19087645972,0.0,0.0,0.0,7.3e-10,0.31573370337,0.44398531653,3925.75055558,861513.958292,50.9003892591,0.00061358,0.01082793408,0.00247525062,0.0139167647,0.02221546871,,2116,1226,648,0,578,0,578,0.0,47.14518760195758,-578,-47.14518760195758,57.93950850661626,30.623818525519848
0.0,0.0,,,0.0,,,,,,,,,0.0,0.0,,,,,,,,,,,,0.0,,,,,,,,,,,,,,,,,0.0,0.0,,0.0,96.2702703329,3000.0,TI,4290.51293046,1.97089423026,90.63,94.1412127406,20.25,21.0345311486,20.16,20.9410443435,0.0,0.0,11.61,12.0597978585,8.55,8.88124648496,0.09,0.0934868051,9.54,9.90960134111,15.75,16.3601908933,3898.23375079,1559.30633131,90.7677954561,507.593130609,0.00698122022,0,5.27258445264,0.16197174121,507.593130609,0.0,0,0.0,0.0,0.0,0.40492602101,4290.51293046,5.40352238307,0.00409004772,0.00174107653,0.03141156652,0.00019912689,0.01415411715,0.29612050819,0.0,0.0,0.0,4.7e-10,0.15799327309,0.20262306601,4290.51293046,962702.703329,78.9654688514,0.00054327671,0.01026928341,0.00166156898,0.0124741291,0.01991257528,,2494,550,603,815,762,315,262,38.65030674846626,47.63636363636364,53,9.636363636363637,22.052927024859663,24.17802726543705
